Address,Latitude,Longitude
0 10TH AVE N,44.9888343,-93.2826821
0 10TH AVE S,44.9007094,-93.2602174
0 10TH AVE S TO MIDTOWN GREENWAY E,,
0 10TH AVE SE,44.9780383,-93.2441258
0 11TH AVE N,44.9889956,-93.2938675
0 11TH AVE S,44.9479305,-93.2588703
0 11TH ST N,44.977339,-93.280917
0 12TH AVE S,44.8970394,-93.2578186
0 12TH ST N,44.978183,-93.2814832
0 12TH ST N TO 11TH ST N,,
0 12TH ST S,44.9722559,-93.2768501
0 13TH AVE NE,44.9998375,-93.2707323
0 13TH AVE S TO MIDTOWN GREENWAY E,,
0 15TH ST E,44.9671646,-93.2752752
0 17TH AVE N,44.9969998,-93.3152644
0 17TH AVE S,44.9109563,-93.2498806
0 17TH ST E,44.9663865,-93.260322
0 17TH ST N,44.9733929,-93.2869703
0 18TH AVE SE,44.9895971,-93.2269783
0 18TH ST E,44.9652266,-93.2664722
0 1ST AVE N,44.9775646,-93.277382
0 1ST AVE NE,44.9903505,-93.2531955
0 20TH AVE S,44.9349341,-93.2435422
0 21ST AVE S,44.9260067,-93.2422639
0 22ND AVE N,45.0023713,-93.3006323
0 22ND ST E,44.9609773,-93.2323544
0 23RD AVE SE,44.9754985,-93.2226251
0 27TH AVE S,44.9041186,-93.2335883
0 27TH AVE SE,44.9713528,-93.219387
0 28TH AVE NE,45.018639,-93.234246
0 29 1/2 ST E,,
0 29TH AVE NE,45.0204688,-93.2709748
0 29TH AVE SE,44.9837575,-93.210573
0 29TH ST W,44.951198,-93.3175868
0 2ND AVE S,44.9742972,-93.2707619
0 30TH AVE NE,45.021899,-93.2595452
0 31ST AVE NE,45.0240913,-93.2307222
0 31ST ST W TO MIDTOWN GRNWY W,,
0 33RD AVE NE,45.0277333,-93.2224991
0 34TH AVE NE,45.0295472,-93.2225298
0 36TH ST E,44.9378571,-93.2145897
0 36TH ST W,44.937722,-93.2820504
0 37TH AVE NE,45.0325339,-93.2821642
0 38TH ST E,44.934141,-93.256872
0 3RD AVE N,44.9807536,-93.2902465
0 3RD AVE S,44.8926603,-93.2729598
0 3RD ST N,45.0193958,-93.283454
0 40TH ST W,44.9304776,-93.2840329
0 42ND AVE N,45.0317634,-93.2852974
0 42ND ST E,44.926941,-93.2242394
0 42ND ST W,44.9268437,-93.2831161
0 46TH ST E,44.919768,-93.2466911
0 46TH ST W,44.9196142,-93.2808945
0 4TH AVE S,44.8926503,-93.2703858
0 4TH ST N,45.0266342,-93.2850338
0 4TH ST S TO WASHINGTON AVE SE,,
0 4TH ST SE,44.9860639,-93.2497858
0 5TH AVE S,44.8927152,-93.2691001
0 5TH ST N,44.9861264,-93.2817184
0 5TH ST S,44.978224,-93.2693092
0 61ST ST E,44.8924866,-93.2711032
0 62ND ST E,44.8922002,-93.2542971
0 62ND ST W,44.8906296,-93.2805732
0 6TH AVE N,44.9852473,-93.2781799
0 7TH ST N,44.9902632,-93.2919557
0 8TH AVE N,44.9884702,-93.279196
0 8TH AVE NE,44.9960111,-93.2642719
0 8TH AVE NE TO NB WEST RIVER RD N,,
0 9TH AVE NE,44.9955533,-93.2690535
0 9TH AVE SE,44.9866818,-93.2400516
0 9TH ST SE,44.9887236,-93.2402318
0 ALDRICH AVE N,45.0185244,-93.2893042
0 ARTHUR PL SE,44.9672488,-93.2179046
0 BEDFORD ST SE,44.9635579,-93.2090271
0 BLOOMINGTON AVE,44.8997802,-93.2526351
0 BOARDWALK PL,44.9925089,-93.2883311
0 BROADWAY ST NE,44.9987819,-93.2203177
0 BRYANT AVE N,44.9822005,-93.2908521
0 BRYANT AVE S TO MIDTWN GRNWY,,
0 CEDAR AVE S,44.9170651,-93.2473123
0 CENTRAL AVE NE,45.0358215,-93.2473553
0 CHICAGO AVE,44.8934181,-93.2628817
0 CHURCH ST SE,44.9774129,-93.2328276
0 CLARENCE AVE SE,44.9674534,-93.2109544
0 COMO AVE SE,44.9878489,-93.2331049
0 DEAN PKWY,44.954375,-93.3137597
0 DEAN PKWY TO MIDTOWN GRNWY W,,
0 DELAWARE ST SE,44.9706388,-93.2180529
0 DEPOT ST,44.9527032,-93.3207713
0 DINKYTOWN GREENWAY SE TO 17 AVE SE,,
0 DINKYTOWN GREENWAY SE TO E RIVER RD,,
0 DOWLING AVE N,45.0240625,-93.3032935
0 DRIVEWAY,,
0 DUNWOODY BLVD,44.9721404,-93.2927746
0 DUPONT AVE N,44.9809493,-93.2930242
0 DUPONT AVE S,44.8916589,-93.2935971
0 DUPONT AVE S TO LAGOON AVE,,
0 EAST LAKE HARRIET PKWY,44.9187478,-93.2985074
0 EAST LAKE OF THE ISLES PKWY,44.952871,-93.3025303
0 EAST LYNDALE AVE N,45.0488174,-93.2839784
0 EAST MINNEHAHA PKWY,44.915874,-93.2500561
0 EAST RIVER PKWY,44.9602127,-93.2143651
0 ELM ST SE,44.9841998,-93.2236672
0 EMERALD ST,44.966246,-93.2077432
0 ESSEX ST SE,44.9706068,-93.2207575
0 FRANKLIN AVE E,44.9625483,-93.2497977
0 FRANKLIN AVE SE,44.9633419,-93.2235722
0 FREMONT AVE N,45.0297379,-93.2957681
0 FREMONT AVE S,44.9187629,-93.2959411
0 FS 11,,
0 FS 14,,
0 FS 17,,
0 FS 4,,
0 FS 6,,
0 FS 7,,
0 GERTRUDE BROWN PL,44.985157,-93.2907828
0 GOLDEN VALLEY RD,44.9988193,-93.3139756
0 GRANT ST E,44.9690455,-93.2656507
0 GROVELAND AVE,44.965931,-93.285726
0 HARVARD ST SE,44.9752683,-93.2306279
0 HAWTHORNE AVE,44.9765017,-93.2792807
0 HENNEPIN AVE,44.9852443,-93.2642581
0 HENNEPIN AVE E,44.9642386,-93.2897492
0 HIAWATHA AVE,44.958273,-93.2448425
0 HIGHWAY 55,44.9844742,-93.2925429
0 HIGHWAY 65,,
0 HIGHWAY 7,,
0 HUMBOLDT AVE N,44.9828517,-93.298195
0 HURON BLVD SE,44.9731421,-93.2236602
0 INDUSTRIAL BLVD,44.9931393,-93.2113914
0 IRVING AVE N,44.9833756,-93.2994296
0 JAMES AVE N,44.9781679,-93.3007209
0 JOHNSON ST NE,45.0042454,-93.2363457
0 KENNEDY ST NE,44.9951535,-93.2209258
0 KENNWOOD PKWY,,
0 KENWOOD ISLES DR,44.9515975,-93.3001437
0 KENWOOD PKWY,44.9649319,-93.3098072
0 LAGOON AVE,44.9489567,-93.2937672
0 LAKE ST W,44.9505982,-93.310528
0 LAKESIDE AVE,44.9830991,-93.2867975
0 LOWRY AVE N,45.0130808,-93.279805
0 LYNDALE AVE N,44.9889502,-93.2891926
0 LYNDALE AVE S,44.9031734,-93.2882485
0 LYNDALE PL,44.9867622,-93.2895553
0 MAIN ST NE,44.9956358,-93.2651046
0 MALCOLM AVE SE,44.967512,-93.2162898
0 MARQUETTE AVE,44.9743722,-93.2724958
0 MEMORIAL PKWY,,
0 MIDTOWN GREENWAY E,44.9523406,-93.2441367
0 MIDTOWN GREENWAY W,44.9487316,-93.3227503
0 MINNEHAHA AVE,44.9184037,-93.2141468
0 MINNEHAHA AVE S,44.915987,-93.2400868
0 MISSISSIPPI CT,,
0 MONROE ST NE,45.0019255,-93.2524618
0 MORGAN AVE N,44.982385,-93.3045105
0 MORGAN AVE S,44.9732333,-93.3035617
0 NEW BRIGHTON BLVD,45.0103989,-93.2218357
0 NICOLLET MALL,44.9749448,-93.2739446
0 OAK LAKE AVE N,44.9855475,-93.2855176
0 OAK ST SE,44.9765875,-93.226453
0 OLSON MEMORIAL HWY,44.9844447,-93.2906008
0 ONTARIO ST SE,44.9690409,-93.2256759
0 ORLIN AVE SE,44.9673546,-93.2125139
0 PARADE STADIUM DR,,
0 PARK AVE,44.9762251,-93.2598539
0 PENN AVE S,44.9640641,-93.308932
0 PLEASANT ST SE,44.9769144,-93.2364638
0 PORTLAND AVE,44.8981316,-93.2676893
0 QUARRY CENTER DR,45.0029369,-93.2313121
0 RAMSEY ST NE,44.9961877,-93.2689853
0 RIDGWAY PKWY,,
0 RIVER POINTE CIR,,
0 RIVER ST,44.9895074,-93.2713094
0 RIVERSIDE AVE,44.9661724,-93.2377352
0 ROSE WAY RD,,
0 ROYALSTON AVE N,44.9815607,-93.2832068
0 SAINT ANTHONY PKWY,45.0247057,-93.2558075
0 SOUTH WAYZATA BLVD,44.9699006,-93.3153679
0 STEVENS AVE,44.9007035,-93.27556
0 STINSON BLVD,45.0040375,-93.226871
0 STINSON PKWY,45.0095889,-93.2268905
0 SUMMER ST NE,44.9969968,-93.231321
0 SUMMIT PL,44.9678567,-93.2972202
0 SUNSET BLVD,44.9514491,-93.3249377
0 THE MALL,44.9500938,-93.3019134
0 THEODORE WIRTH PKWY,45.0026242,-93.3173253
0 THOMAS AVE S,44.9147979,-93.3137991
0 TWINS WAY,44.9796736,-93.2801433
0 UNIVERSITY AVE NE,45.0374593,-93.2627274
0 UNIVERSITY AVE SE,44.9691552,-93.2104315
0 VAN WHITE MEMORIAL BLVD,44.9891765,-93.2925451
0 VICTORY MEMORIAL DR,45.0367884,-93.2972495
0 WALNUT ST,45.0058011,-93.2102826
0 WASHINGTON AVE N,45.0221723,-93.2821985
0 WASHINGTON AVE S,44.9747667,-93.251476
0 WASHINGTON AVE SE,44.9736221,-93.2238189
0 WASHINGTON AVE SE TO 3RD ST S,,
0 WEST BROADWAY,45.0113853,-93.3167387
0 WEST LYNDALE AVE N,45.0493902,-93.285251
0 WEST RIVER PKWY S,,
0 WEST RIVER RD N,44.9957715,-93.2765366
0 WILLIAMS AVE SE,44.9684751,-93.2185678
0 WILLOW ST,44.9706723,-93.2821567
0 XERXES AVE N,45.001316,-93.3179855
0 XERXES AVE S,44.9292057,-93.31883
1 10TH AVE NE,44.9958678,-93.2716647
1 10TH AVE SE,44.980386,-93.243382
1 10TH ST N,44.975826,-93.278216
1 10TH ST S,44.973834,-93.274599
1 11TH ST N,44.975346,-93.279317
1 11TH ST S,44.974164,-93.278349
1 12TH ST N,44.978183,-93.2814832
1 12TH ST S,44.97461,-93.280408
1 13TH ST N,44.9746538,-93.2820436
1 13TH ST S,44.974072,-93.281736
1 14TH AVE NE,45.000879,-93.272056
1 14TH ST E,44.968865,-93.277643
1 14TH ST W,44.968711,-93.277992
1 15TH ST N,44.974856,-93.284311
1 15TH ST W,44.967628,-93.277992
1 16TH AVE NE,45.003973,-93.27123
1 16TH ST E,44.967155,-93.277645
1 16TH ST N,44.972772,-93.285707
1 17TH AVE N,44.996292,-93.276919
1 18TH AVE NE,45.006136,-93.269907
1 18TH ST E,44.965146,-93.277643
1 19TH AVE S,44.976098,-93.245566
1 19TH ST E,44.963884,-93.277643
1 1ST AVE NE,44.9903505,-93.2531955
1 1ST ST N,44.983822,-93.267021
1 1ST ST S,44.983662,-93.266722
1 20TH AVE S,44.975735,-93.243882
1 22ND AVE NE,45.010153,-93.271509
1 22ND ST E,44.960819,-93.277655
1 22ND ST W,44.9608483,-93.3139294
1 23RD AVE NE,45.011148,-93.271501
1 24TH AVE N,45.0037183,-93.2960209
1 24TH ST E,44.95912,-93.277672
1 24TH ST W,44.9591558,-93.3115983
1 25TH ST E,44.9571699,-93.2774602
1 25TH ST W,44.9573952,-93.328806
1 26TH AVE NE,45.015047,-93.271753
1 26TH ST E,44.9553817,-93.2776225
1 26TH ST W,44.95545,-93.278052
1 27TH AVE NE,45.016878,-93.271081
1 27TH AVE SE,44.9653277,-93.2208887
1 27TH ST E,44.953659,-93.27772
1 27TH ST W,44.95366,-93.278066
1 28TH ST E,44.951859,-93.277728
1 28TH ST W,44.9526236,-93.3196107
1 29TH ST W,44.951198,-93.3175868
1 2ND AVE N,44.98566,-93.268525
1 2ND ST N,44.982992,-93.268157
1 2ND ST NE,44.9943065,-93.2624907
1 2ND ST SE,44.986767,-93.256785
1 30TH AVE NE,45.022259,-93.27272
1 31ST ST E,44.946569,-93.277768
1 31ST ST W,44.946523,-93.278115
1 32ND ST E,44.944876,-93.277765
1 32ND ST W,44.9450445,-93.3255344
1 33RD ST E,44.943064,-93.27775
1 33RD ST W,44.9429154,-93.2848083
1 34TH ST E,44.941263,-93.277742
1 34TH ST W,44.9413245,-93.2956745
1 35TH ST E,44.939451,-93.27775
1 35TH ST W,44.939451,-93.278098
1 36TH ST E,44.937651,-93.277757
1 36TH ST W,44.93765,-93.278104
1 37TH ST E,44.9359266,-93.246667
1 37TH ST W,44.93582,-93.27809
1 38TH ST E,44.934141,-93.256872
1 38TH ST W,44.934016,-93.278121
1 39TH ST W,44.932233,-93.279012
1 3RD AVE S,44.981812,-93.262431
1 3RD AVE SE,44.9886216,-93.249724
1 3RD ST N,44.981323,-93.270439
1 3RD ST S,44.9723468,-93.2491247
1 40TH ST E,44.930415,-93.277741
1 40TH ST W,44.930414,-93.27809
1 41ST ST W,44.928601,-93.278097
1 42ND ST E,44.926794,-93.277757
1 42ND ST W,44.926793,-93.278104
1 43RD ST E,44.92499,-93.277757
1 43RD ST W,44.924988,-93.278103
1 45TH ST E,44.921522,-93.2479288
1 45TH ST W,44.921368,-93.278111
1 46TH ST E,44.919768,-93.2466911
1 46TH ST W,44.9196142,-93.2808945
1 47TH ST W,44.917748,-93.278142
1 49TH ST E,44.914136,-93.277835
1 49TH ST W,44.9134763,-93.2789567
1 4TH AVE N,44.988487,-93.269039
1 4TH ST N,44.980587,-93.271761
1 4TH ST NE,44.988634,-93.254889
1 4TH ST S,44.9696892,-93.2395753
1 4TH ST SE,44.988445,-93.254712
1 50TH ST E,44.912762,-93.27784
1 50TH ST W,44.9123324,-93.2961273
1 52ND ST W,44.908703,-93.278225
1 54TH ST E,44.905086,-93.277916
1 56TH ST E,44.901432,-93.277885
1 59TH ST E,44.895539,-93.277923
1 59TH ST W,44.895535,-93.278272
1 5TH ST N,44.979648,-93.272765
1 5TH ST NE,44.989115,-93.253462
1 5TH ST SE,44.9870542,-93.2490033
1 6TH AVE SE,44.981735,-93.249569
1 6TH ST N,44.978821,-93.273909
1 6TH ST NE,44.989994,-93.252337
1 6TH ST S,44.977714,-93.271349
1 7TH AVE NE,44.99388,-93.269079
1 7TH ST N,44.978011,-93.275022
1 7TH ST S,44.977844,-93.274729
1 8TH AVE NE,44.994319,-93.26932
1 8TH ST N,44.9776177,-93.2764689
1 8TH ST S,44.977043,-93.275847
1 9TH ST N,44.976453,-93.277179
1 9TH ST S,44.97477,-93.273811
1 ALDRICH AVE N,44.972181,-93.289376
1 ARTHUR AVE SE,44.970002,-93.215184
1 BARTON AVE SE,44.968336,-93.215476
1 BEDFORD ST SE,44.969589,-93.208377
1 BROADWAY ST NE,44.998781,-93.270654
1 CECIL NEWMAN LN,44.950671,-93.277741
1 CEDAR LAKE RD N,44.97689,-93.303493
1 CHURCH ST SE,44.977716,-93.232412
1 DE LASALLE DR,,
1 DELL PL,44.965617,-93.285466
1 DIAMOND LAKE RD E,,
1 DIAMOND LAKE RD W,,
1 EAST MINNEHAHA PKWY,44.906045,-93.27788
1 EAST RIVER PKWY,44.979116,-93.238233
1 EASTMAN AVE,44.9867276,-93.2626666
1 FRANKLIN AVE E,44.962613,-93.277644
1 FRANKLIN AVE W,44.9627513,-93.305952
1 GLENWOOD AVE,44.978841,-93.279035
1 GRANT ST E,44.969766,-93.277644
1 GRANT ST W,44.969797,-93.277991
1 GREENWAY GABLES,44.971288,-93.281223
1 GROVE ST,44.987596,-93.263347
1 GROVELAND AVE,44.964112,-93.27799
1 GROVELAND TERR,44.967064,-93.288858
1 HENNEPIN AVE E,44.9908008,-93.2473065
1 HOLDEN ST N,44.9799203,-93.2843398
1 HURON BLVD SE,44.9731421,-93.2236602
1 IRVING AVE N,44.97677,-93.299564
1 ISLAND AVE E,44.98586,-93.260116
1 ISLAND AVE W,44.986538,-93.263679
1 LAKE ST E,44.948271,-93.277772
1 LAKE ST W,44.9505982,-93.310528
1 LOURDES PL,44.9867629,-93.2575203
1 LOWRY AVE NE,45.0132114,-93.2320264
1 MAIN ST SE,44.9868046,-93.2585564
1 MALCOLM AVE SE,44.971071,-93.211814
1 MAPLE PL,44.989159,-93.265837
1 MAPLE ST,44.972501,-93.285603
1 MELBOURNE AVE SE,44.966077,-93.209728
1 MERRIAM ST,44.985541,-93.261029
1 NICOLLET ST,44.9889767,-93.2643392
1 OAK GROVE ST,44.966296,-93.278877
1 OAK ST SE,44.97703,-93.226895
1 ONTARIO ST SE,44.9690409,-93.2256759
1 ORLIN AVE SE,44.969453,-93.2149478
1 PENN AVE S,44.9770329,-93.307959
1 PLYMOUTH AVE N,44.992169,-93.275603
1 POWER ST,44.984697,-93.259621
1 RIVER TERRACE CT,44.9568475,-93.2091466
1 ROYALSTON AVE N,44.9815607,-93.2832068
1 SAINT MARYS AVE,44.97075,-93.218314
1 SEYMOUR AVE SE,44.9678169,-93.211648
1 SPRUCE PL,44.972585,-93.282267
1 THOMAS AVE S,44.9770278,-93.3130995
1 UNIVERSITY AVE NE,45.0374593,-93.2627274
1 UNIVERSITY AVE SE,44.97041,-93.2159585
1 UPTON AVE S,44.977037,-93.314597
1 WASHBURN AVE S,44.977038,-93.317151
1 WEST BROADWAY,44.999022,-93.27855
1 WEST RIVER PKWY,45.0235164,-93.2805298
1 WEST RIVER PKWY N,45.0235164,-93.2805298
1 WILDER ST,44.986082,-93.261454
1 WILLIAMS AVE SE,44.9684751,-93.2185678
10 OAK ST SE,44.9784622,-93.2262536
10 ONTARIO ST SE,44.9690409,-93.2256759
100 10TH AVE NE,44.997108,-93.267768
100 10TH ST N,44.978036,-93.278746
100 10TH ST S,44.973415,-93.273114
100 10TH ST SE,,
100 11TH AVE NE,44.998096,-93.268483
100 11TH AVE S,44.9479305,-93.2588703
100 11TH ST S,44.97239,-93.273936
100 12TH AVE NE,44.999735,-93.267496
100 12TH AVE S,44.976209,-93.250731
100 12TH ST N,44.9789447,-93.2814779
100 12TH ST S,44.978018,-93.281458
100 13TH AVE NE,45.00004,-93.26986
100 13TH AVE S,44.9548022,-93.2562559
100 14TH AVE N,44.993182,-93.279271
100 14TH AVE NE,45.001172,-93.270657
100 14TH AVE S,44.975584,-93.246783
100 14TH ST W,44.968885,-93.279506
100 15TH AVE NE,45.002668,-93.268724
100 15TH AVE S,44.972947,-93.247716
100 15TH ST W,44.9678,-93.279503
100 16TH AVE NE,45.003809,-93.268711
100 17TH ST E,44.96636,-93.275125
100 18TH ST E,44.965309,-93.276399
100 19TH AVE NE,45.007391,-93.267281
100 19TH AVE S,44.9412516,-93.2448373
100 19TH ST E,44.963755,-93.2528072
100 1ST AVE N,44.9818703,-93.2716714
100 1ST AVE NE,44.988175,-93.259284
100 1ST ST N,44.984742,-93.268015
100 1ST ST S,44.982591,-93.2628098
100 20TH AVE S,44.9349341,-93.2435422
100 22ND ST E,44.961107,-93.2761402
100 22ND ST W,44.9608483,-93.3139294
100 23RD AVE NE,45.010989,-93.26867
100 24TH ST E,44.959287,-93.276399
100 24TH ST W,44.9591558,-93.3115983
100 25TH ST E,44.957406,-93.276415
100 25TH ST W,44.9573952,-93.328806
100 26TH AVE SE,44.970951,-93.221357
100 26TH ST E,44.955618,-93.27643
100 26TH ST W,44.955618,-93.279814
100 27TH ST E,44.953816,-93.276453
100 27TH ST W,44.9539297,-93.2799002
100 28TH ST E,44.952024,-93.276445
100 28TH ST W,44.9519712,-93.314068
100 29TH AVE NE,45.0204688,-93.2709748
100 29TH ST W,44.951198,-93.3175868
100 2ND AVE N,44.985352,-93.269278
100 2ND AVE S,44.982513,-93.26402
100 2ND ST N,44.995367,-93.279199
100 2ND ST NE,44.988587,-93.258719
100 2ND ST S,44.982179,-93.26583
100 2ND ST SE,44.985715,-93.255563
100 31ST AVE NE,45.0240485,-93.2720645
100 31ST ST E,44.9466749,-93.2773003
100 31ST ST W,44.946684,-93.279882
100 32ND ST W,44.9450445,-93.3255344
100 33RD ST E,44.943233,-93.276484
100 33RD ST W,44.9429154,-93.2848083
100 34TH ST E,44.941432,-93.276454
100 34TH ST W,44.9413245,-93.2956745
100 35TH AVE NE,45.031842,-93.267503
100 35TH ST E,44.939621,-93.276454
100 35TH ST W,44.939613,-93.279914
100 36TH ST W,44.937811,-93.279929
100 37TH AVE NE,45.0325339,-93.2821642
100 37TH ST W,44.935985,-93.279928
100 38TH ST E,44.934141,-93.256872
100 38TH ST W,44.9343325,-93.2800717
100 39TH ST E,44.93241,-93.27645
100 3RD AVE N,44.986146,-93.2704
100 3RD AVE NE,44.990017,-93.261146
100 3RD AVE S,44.9816515,-93.2631937
100 3RD AVE SE,44.983805,-93.253331
100 3RD ST N,44.982247,-93.271445
100 3RD ST S,44.980193,-93.267438
100 40TH ST E,44.930587,-93.276454
100 41ST ST W,44.928758,-93.279392
100 42ND ST E,44.926963,-93.276461
100 42ND ST W,44.926949,-93.279403
100 43RD ST E,44.925159,-93.276468
100 46TH ST E,44.919768,-93.2466911
100 46TH ST W,44.9198672,-93.2796595
100 4TH AVE N,44.9878058,-93.2701528
100 4TH AVE NE,44.9925415,-93.2586129
100 4TH ST N,44.981413,-93.272618
100 4TH ST NE,44.989567,-93.255823
100 4TH ST S,44.979219,-93.268241
100 4TH ST SE,44.987668,-93.254002
100 50TH ST W,44.9123324,-93.2961273
100 54TH ST E,44.905258,-93.276591
100 5TH AVE S,44.978783,-93.261533
100 5TH AVE SE,44.983115,-93.250098
100 5TH ST N,44.980584,-93.273775
100 5TH ST NE,44.990061,-93.254396
100 5TH ST S,44.9784227,-93.2686953
100 5TH ST SE,44.988681,-93.253194
100 60TH ST W,44.893835,-93.279555
100 6TH AVE SE,44.9829481,-93.2484593
100 6TH ST N,44.979772,-93.274896
100 6TH ST NE,44.990547,-93.252989
100 6TH ST S,44.977268,-93.269849
100 7TH AVE NE,44.994192,-93.265761
100 7TH AVE SE,44.9858354,-93.2443321
100 7TH ST N,44.9784595,-93.2753025
100 7TH ST NE,44.991135,-93.251616
100 7TH ST S,44.976299,-93.270657
100 7TH ST SE,44.990595,-93.251594
100 8TH AVE N,44.9884702,-93.279196
100 8TH AVE NE,44.995659,-93.264991
100 8TH AVE S,,
100 8TH AVE SE,44.9867581,-93.2417666
100 8TH ST S,44.975317,-93.271496
100 8TH ST SE,44.991589,-93.25083
100 9TH ST N,44.978476,-93.277295
100 9TH ST S,44.974344,-93.272326
100 ALDRICH AVE N,44.978097,-93.289419
100 ARLINGTON ST,44.9759545,-93.2372123
100 BANK ST,44.986798,-93.256308
100 BROADWAY ST NE,44.998621,-93.267114
100 CEDAR LAKE RD N,44.977172,-93.302865
100 CENTRAL AVE SE,44.984915,-93.256205
100 CLIFTON AVE,44.965026,-93.283668
100 DIAMOND LAKE RD E,,
100 DIAMOND LAKE RD W,,
100 EAST RIVER PKWY,44.9773784,-93.238881
100 FRANKLIN AVE E,44.962778,-93.27511
100 FRANKLIN AVE W,44.9629827,-93.2797575
100 GRANT ST E,44.969927,-93.27639
100 GRANT ST W,44.969966,-93.279508
100 GROVELAND AVE,44.964273,-93.279501
100 GROVELAND TERR,44.9686005,-93.2938447
100 HENNEPIN AVE,44.9838036,-93.2671556
100 HENNEPIN AVE E,44.9642386,-93.2897492
100 HIGH ST,,
100 HURON BLVD SE,44.9731421,-93.2236602
100 LAKE ST E,44.948435,-93.276506
100 LAKE ST W,44.9505982,-93.310528
100 MARQUETTE AVE,44.983083,-93.265416
100 MELBOURNE AVE SE,44.9656448,-93.2130739
100 MERRIAM ST,44.9859012,-93.2594364
100 MIDTOWN GREENWAY E,44.9523406,-93.2441367
100 MIDTOWN GREENWAY W,44.9487316,-93.3227503
100 OAK GROVE ST,44.966456,-93.2795
100 OLIVER AVE N,44.982708,-93.3070507
100 ONTARIO ST SE,44.975024,-93.225801
100 PLEASANT ST SE,44.975787,-93.236961
100 PORT OF MINNEAPOLIS DR,45.02391,-93.281209
100 PORTLAND AVE,44.9797723,-93.2588479
100 QUEEN AVE N,44.9823724,-93.3097145
100 RIVER ST,44.9895074,-93.2713094
100 RUSSELL AVE N,44.9823696,-93.311096
100 SHERIDAN AVE N,44.9833538,-93.3121404
100 UNIVERSITY AVE NE,45.0374593,-93.2627274
100 UNIVERSITY AVE SE,44.9691552,-93.2104315
100 WARWICK ST SE,44.964455,-93.211621
100 WASHINGTON AVE N,44.983081,-93.270303
1000 10TH AVE N,44.9882512,-93.2917982
1000 11TH AVE N,44.989079,-93.293103
1000 11TH AVE SE,44.988555,-93.235802
1000 12TH AVE N,44.9909174,-93.2819324
1000 12TH AVE SE,44.987964,-93.234474
1000 13TH AVE SE,44.987978,-93.233191
1000 14TH AVE N,44.993139,-93.2933555
1000 14TH AVE SE,44.987974,-93.231918
1000 14TH ST E,44.968999,-93.259464
1000 15TH AVE N,44.994236,-93.29275
1000 15TH AVE SE,44.987973,-93.230658
1000 15TH ST E,44.9671646,-93.2752752
1000 16TH AVE N,44.995318,-93.292746
1000 16TH AVE SE,44.987956,-93.22937
1000 17TH AVE N,44.996393,-93.292752
1000 17TH AVE SE,44.987969,-93.228102
1000 18 1/2 AVE NE,45.0069363,-93.2447474
1000 18TH AVE N,44.997477,-93.292742
1000 18TH AVE SE,44.987973,-93.226828
1000 19TH AVE NE,45.007826,-93.245394
1000 19TH AVE SE,44.987963,-93.225457
1000 19TH ST E,44.964027,-93.259496
1000 1ST AVE N,44.9818703,-93.2716714
1000 20TH AVE NE,45.0087557,-93.2453665
1000 20TH AVE SE,44.987976,-93.224081
1000 21ST AVE N,45.000332,-93.292745
1000 21ST AVE SE,44.987996,-93.222715
1000 22ND AVE N,45.001584,-93.29274
1000 22ND AVE NE,45.009808,-93.245371
1000 22ND AVE SE,44.988573,-93.22144
1000 22ND ST E,44.9610544,-93.2594827
1000 22ND ST W,44.9611212,-93.2920323
1000 23RD AVE N,45.002679,-93.292736
1000 23RD AVE NE,45.010789,-93.245375
1000 23RD AVE SE,44.988021,-93.220145
1000 24TH AVE N,45.003802,-93.292731
1000 24TH AVE NE,45.0119619,-93.2453445
1000 24TH AVE SE,44.988038,-93.21887
1000 24TH ST E,44.959204,-93.292006
1000 24TH ST W,44.959204,-93.292006
1000 25TH AVE N,45.004894,-93.292728
1000 25TH AVE SE,44.988049,-93.217589
1000 25TH ST E,44.957412,-93.259829
1000 25TH ST W,44.957412,-93.292013
1000 26TH AVE NE,45.0147875,-93.2453449
1000 26TH AVE SE,44.988067,-93.216322
1000 26TH ST E,44.955615,-93.25986
1000 26TH ST W,44.955621,-93.292036
1000 27TH AVE NE,45.016696,-93.245392
1000 27TH AVE SE,44.9892686,-93.2150592
1000 27TH ST W,44.953823,-93.292055
1000 28TH ST E,44.952028,-93.259897
1000 28TH ST W,44.952035,-93.292067
1000 29TH AVE N,45.00954,-93.2919952
1000 29TH AVE NE,45.020309,-93.245392
1000 29TH AVE SE,44.988122,-93.21253
1000 29TH ST E,44.950137,-93.259936
1000 29TH ST W,44.95009,-93.2925407
1000 2ND AVE N,44.979059,-93.2922775
1000 2ND AVE S,44.972729,-93.272138
1000 2ND ST NE,44.998148,-93.265319
1000 2ND ST S,44.9824295,-93.2665715
1000 2ND ST SE,44.98061,-93.242873
1000 30TH AVE N,45.0113609,-93.2974715
1000 31ST AVE N,45.012321,-93.291791
1000 31ST ST E,44.946632,-93.259926
1000 31ST ST W,44.946681,-93.292105
1000 32ND AVE NE,45.02593,-93.245875
1000 32ND ST W,44.944801,-93.292128
1000 33RD AVE NE,45.0277333,-93.2224991
1000 33RD AVE SE,44.990642,-93.20766
1000 33RD ST W,44.943007,-93.292148
1000 34 1/2 ST E,,
1000 34TH AVE N,45.016808,-93.291967
1000 34TH ST W,44.941413,-93.292174
1000 35TH ST E,44.93963,-93.259855
1000 35TH ST W,44.9396005,-93.2926531
1000 36TH AVE NE,45.033305,-93.24585
1000 36TH ST E,44.937838,-93.259836
1000 36TH ST W,44.937763,-93.3215049
1000 37TH ST E,44.936028,-93.259817
1000 38TH ST E,44.934226,-93.259798
1000 38TH ST W,44.9341911,-93.3325667
1000 3RD AVE S,44.972163,-93.270759
1000 3RD ST N,44.989589,-93.281846
1000 3RD ST S,44.9744242,-93.2542327
1000 40TH ST W,44.930532,-93.2927292
1000 41ST AVE N,45.029627,-93.292098
1000 42ND AVE N,45.031606,-93.292117
1000 43RD AVE N,45.033561,-93.29193
1000 44TH ST W,44.923274,-93.29228
1000 46TH AVE N,45.0385136,-93.3087803
1000 47TH ST W,44.917836,-93.292295
1000 48TH AVE N,45.0422519,-93.2930537
1000 48TH ST W,44.916025,-93.292311
1000 4TH AVE N,44.98176,-93.292985
1000 4TH AVE S,44.971629,-93.269447
1000 4TH ST N,44.9865378,-93.279979
1000 4TH ST SE,44.982554,-93.241201
1000 52ND AVE N,45.04941,-93.29296
1000 52ND ST E,44.908957,-93.25992
1000 53RD AVE N,45.0512141,-93.3068455
1000 53RD ST W,44.9071272,-93.2923591
1000 5TH AVE N,44.9829671,-93.2922306
1000 5TH ST N,44.987988,-93.284139
1000 5TH ST SE,44.9832703,-93.240381
1000 6TH ST S,44.972115,-93.257565
1000 6TH ST SE,44.9842714,-93.2395864
1000 7TH ST S,44.970933,-93.257845
1000 7TH ST SE,44.985524,-93.238878
1000 8TH AVE N,44.986442,-93.292935
1000 8TH ST SE,44.9862792,-93.2381439
1000 ALDRICH AVE N,45.0185244,-93.2893042
1000 ANDERSEN LN,44.952886,-93.259888
1000 BROADWAY ST NE,44.998632,-93.24595
1000 CEMETERY ST,44.997904,-93.245927
1000 CURRIE AVE,44.977996,-93.279035
1000 DELAWARE ST SE,44.9706388,-93.2180529
1000 DOUGLAS AVE,44.966478,-93.291975
1000 ESSEX ST SE,44.971242,-93.224126
1000 FRANKLIN AVE E,44.962802,-93.259501
1000 FRANKLIN AVE W,44.9627513,-93.305952
1000 FREMONT AVE N,45.0297379,-93.2957681
1000 FULTON ST SE,44.970136,-93.224129
1000 GLENWOOD AVE,44.98007,-93.291576
1000 HARMON PL,44.974886,-93.277147
1000 HAWTHORNE AVE,44.976746,-93.27878
1000 HENNEPIN AVE,44.975747,-93.278255
1000 HENNEPIN AVE E,44.9642386,-93.2897492
1000 HUMBOLDT AVE N,44.988453,-93.298087
1000 KNOX AVE N,44.9882884,-93.3018302
1000 LAKE ST E,44.948442,-93.259943
1000 LAKE ST W,44.948442,-93.292082
1000 LASALLE AVE,44.974496,-93.276338
1000 LINCOLN AVE,44.9644435,-93.2928707
1000 LOGAN AVE N,44.988019,-93.303099
1000 LOWRY AVE N,45.013217,-93.291959
1000 LOWRY AVE NE,45.0132114,-93.2320264
1000 MARQUETTE AVE,44.973343,-93.273508
1000 MARSHALL ST NE,44.9972,-93.268157
1000 MIDTOWN GREENWAY E,44.9523406,-93.2441367
1000 MIDTOWN GREENWAY W,44.9504477,-93.2609274
1000 MORGAN AVE N,44.988015,-93.304372
1000 MOUNT CURVE AVE,44.9676827,-93.2918811
1000 NEWTON AVE N,44.988015,-93.305624
1000 NICOLLET MALL,44.9737604,-93.2751428
1000 OLIVER AVE N,44.988015,-93.306882
1000 PENN AVE N,44.988015,-93.308141
1000 PLYMOUTH AVE N,44.992048,-93.292758
1000 PORTLAND AVE,44.970491,-93.266707
1000 QUEEN AVE N,44.988023,-93.309437
1000 SIBLEY ST NE,44.997234,-93.271618
1000 SPRING ST NE,44.995644,-93.244712
1000 SUMMER ST NE,44.996828,-93.244631
1000 UNIVERSITY AVE SE,44.9691552,-93.2104315
1000 UPTON AVE N,44.9881039,-93.3143636
1000 WASHINGTON AVE N,44.990432,-93.280549
1000 WASHINGTON AVE SE,44.9735569,-93.2242021
1000 WASHINGTON AVE SE TO 3RD ST S,,
1000 WEST BROADWAY,44.999224,-93.292792
1001 18TH AVE NE,45.006018,-93.245424
1008 29TH AVE NE,45.020311,-93.245173
101 6TH ST SE,44.9893779,-93.2518086
1011 26TH AVE N,45.0059839,-93.3028631
1011 3RD AVE NE,44.9948776,-93.2483506
1020 IRVING AVE N,44.988067,-93.29991
1021 33RD AVE NE,45.0277333,-93.2224991
1021 35TH AVE NE,45.0313446,-93.2231865
1023 MOUNT CURVE AVE,44.9673806,-93.29272
1024 SUMMER ST NE,44.9970063,-93.2456979
1024 THOMAS AVE N,44.9886857,-93.3132448
1029 5TH ST N,44.98269,-93.2768163
1030 CEDAR LAKE RD S,44.969757,-93.315585
1030 CENTRAL AVE NE,45.0358215,-93.2473553
1042 18TH AVE NE,45.0068405,-93.2449096
1050 6TH ST N,45.0257555,-93.2865684
1050 MIDTOWN GREENWAY E,44.9523406,-93.2441367
1055 23RD AVE SE,44.989591,-93.220369
1056 22ND AVE SE,44.989821,-93.221424
1056 25TH AVE SE,44.989614,-93.217582
1057 26TH AVE SE,44.98988,-93.216545
1060 11TH AVE SE,44.9891614,-93.235715
1060 12TH AVE SE,44.989542,-93.234469
1060 13TH AVE SE,44.9898074,-93.2331951
1060 14TH AVE SE,44.989781,-93.231925
1060 15TH AVE SE,44.989833,-93.230658
1060 16TH AVE SE,44.989772,-93.229378
1060 17TH AVE SE,44.9897883,-93.2280949
1060 18TH AVE SE,44.9897858,-93.2268292
1060 19TH AVE SE,44.9889187,-93.2254686
1060 21ST AVE SE,44.9899368,-93.2225216
1060 24TH ST E,44.959204,-93.2925729
1060 37TH AVE NE,45.0354882,-93.2444012
1061 24TH AVE SE,44.9898895,-93.2190898
1061 27TH AVE SE,44.989941,-93.2152786
1064 22ND ST W,44.9608483,-93.3139294
1065 29TH AVE SE,44.9896811,-93.212523
1065 33RD AVE SE,44.988961,-93.2078987
107 ISLAND AVE W,44.989316,-93.266001
1072 11TH AVE SE,44.9892847,-93.2357159
11 31ST AVE NE,45.0238436,-93.2735084
11 8TH AVE NE,44.994358,-93.2692093
11 PLYMOUTH AVE N,44.9920553,-93.275954
110 12TH ST N,44.9789447,-93.2814779
110 6TH ST SE,44.9893588,-93.2517604
110 HENNEPIN AVE E,44.9642386,-93.2897492
110 WILLIAMS AVE SE,44.9691119,-93.2181145
1100 12TH AVE N,44.990923,-93.294496
1100 15TH AVE N,44.994238,-93.29429
1100 15TH ST E,44.968117,-93.257984
1100 16TH AVE N,44.995321,-93.294287
1100 17TH AVE N,44.996397,-93.294285
1100 18 1/2 AVE NE,45.0069363,-93.2447474
1100 18TH AVE N,44.997481,-93.294276
1100 18TH AVE NE,45.0068453,-93.2442213
1100 19TH AVE NE,45.007837,-93.24362
1100 21ST AVE N,45.000342,-93.29426
1100 21ST ST E,44.961912,-93.258005
1100 22ND AVE N,45.001591,-93.294258
1100 22ND AVE NE,45.009818,-93.243593
1100 22ND ST E,44.961013,-93.257998
1100 22ND ST W,44.961,-93.293257
1100 23RD AVE N,45.002689,-93.294257
1100 23RD AVE NE,45.010795,-93.243595
1100 24TH AVE N,45.003808,-93.294259
1100 24TH ST E,44.959204,-93.29328
1100 24TH ST W,44.959204,-93.29328
1100 25TH AVE N,45.004898,-93.294261
1100 25TH ST E,44.957418,-93.258554
1100 25TH ST W,44.957418,-93.293303
1100 26TH AVE N,45.0059839,-93.3028631
1100 26TH AVE NE,45.0148004,-93.2435621
1100 26TH ST E,44.955618,-93.258585
1100 26TH ST W,44.955622,-93.293326
1100 27TH AVE N,45.007823,-93.293222
1100 27TH ST W,44.953826,-93.293333
1100 28TH AVE NE,45.018501,-93.243615
1100 28TH ST E,44.952029,-93.258616
1100 28TH ST W,44.9521124,-93.2934563
1100 29TH AVE N,45.00954,-93.2919952
1100 2ND AVE S,44.971757,-93.272939
1100 2ND ST NE,44.998827,-93.266274
1100 2ND ST S,44.9824295,-93.2665715
1100 30TH AVE N,45.0114722,-93.2932976
1100 30TH AVE NE,45.022144,-93.243318
1100 31ST ST E,44.946633,-93.258657
1100 31ST ST W,44.946676,-93.293375
1100 32ND ST W,44.944795,-93.293396
1100 33RD AVE NE,45.0277333,-93.2224991
1100 33RD ST W,44.943003,-93.293415
1100 34TH AVE N,45.016818,-93.293233
1100 34TH AVE NE,45.0295472,-93.2225298
1100 34TH ST W,44.941412,-93.293433
1100 35TH AVE N,45.018635,-93.293241
1100 35TH ST E,44.939627,-93.258587
1100 35TH ST W,44.9396,-93.293452
1100 36TH AVE N,45.020427,-93.293233
1100 36TH ST E,44.9379807,-93.2585901
1100 37TH AVE NE,45.0325339,-93.2821642
1100 37TH ST E,44.936025,-93.25855
1100 38TH ST E,44.934225,-93.258524
1100 3RD AVE S,44.971217,-93.271646
1100 3RD ST NE,44.998826,-93.264735
1100 3RD ST S,44.974272,-93.253874
1100 40TH AVE N,45.02768,-93.29334
1100 40TH ST E,44.930622,-93.258531
1100 41ST AVE N,45.029636,-93.293357
1100 44TH AVE N,45.035456,-93.3133984
1100 47TH ST W,44.917838,-93.293565
1100 4TH AVE S,44.970671,-93.270237
1100 4TH ST NE,44.998826,-93.261668
1100 4TH ST SE,44.9817962,-93.2398284
1100 52ND AVE N,45.049411,-93.294249
1100 58TH ST W,44.897937,-93.293561
1100 59TH ST E,44.896197,-93.258925
1100 5TH ST N,44.9861264,-93.2817184
1100 5TH ST NE,44.999483,-93.2603573
1100 5TH ST SE,44.9827849,-93.2390746
1100 6TH ST N,44.989441,-93.286215
1100 6TH ST NE,44.9988749,-93.25919
1100 6TH ST S,44.971536,-93.256197
1100 6TH ST SE,44.983969,-93.238261
1100 7TH AVE N,44.9866146,-93.2777836
1100 7TH ST S,44.970585,-93.257008
1100 7TH ST SE,44.984961,-93.237465
1100 8TH ST S,44.969622,-93.257836
1100 8TH ST SE,44.985929,-93.236693
1100 ANDERSEN LN,44.952883,-93.2594163
1100 CENTRAL AVE NE,45.0358215,-93.2473553
1100 CLEVELAND ST NE,44.998826,-93.230965
1100 DOUGLAS AVE,44.9665848,-93.2934625
1100 DOWLING AVE N,45.024052,-93.293264
1100 EAST RIVER PKWY,44.965679,-93.222885
1100 EMERSON AVE N,44.9870919,-93.2940954
1100 ESSEX ST SE,44.9706068,-93.2207575
1100 FILLMORE ST NE,44.998836,-93.242386
1100 FRANKLIN AVE E,44.962805,-93.258005
1100 FRANKLIN AVE W,44.9627513,-93.305952
1100 FREMONT AVE N,44.9898853,-93.2951224
1100 GLENWOOD AVE,44.9806054,-93.2942785
1100 HARMON PL,44.974322,-93.278544
1100 HENNEPIN AVE,44.97529,-93.279338
1100 HENNEPIN AVE E,44.9642386,-93.2897492
1100 HOOVER ST NE,44.998967,-93.217851
1100 HUMBOLDT AVE N,44.989087,-93.298087
1100 IRVING AVE N,44.989086,-93.300023
1100 JACKSON ST NE,44.998835,-93.249977
1100 JAMES AVE N,44.989107,-93.300573
1100 JEFFERSON ST NE,44.9988928,-93.2552874
1100 KENWOOD PKWY,44.968969,-93.303274
1100 LAGOON AVE,44.948507,-93.293206
1100 LAKE ST E,44.948443,-93.258677
1100 LAKE ST W,44.948443,-93.293355
1100 LASALLE AVE,44.973509,-93.277181
1100 LINCOLN AVE,44.9644435,-93.2928707
1100 LINCOLN ST NE,44.998834,-93.238536
1100 LINDEN AVE,44.9751786,-93.2918173
1100 LOWRY AVE N,45.013224,-93.293233
1100 LOWRY AVE NE,45.0132114,-93.2320264
1100 MAIN ST NE,44.998776,-93.26747
1100 MARQUETTE AVE,44.972315,-93.274332
1100 MARSHALL ST NE,44.998191,-93.268873
1100 MIDTOWN GREENWAY E,44.9523406,-93.2441367
1100 MIDTOWN GREENWAY W,44.9487316,-93.3227503
1100 MONROE ST NE,44.998834,-93.252565
1100 NICOLLET MALL,44.9728998,-93.2758849
1100 PARK AVE,44.9762251,-93.2598539
1100 PLYMOUTH AVE N,44.992054,-93.294294
1100 QUINCY ST NE,44.998831,-93.251373
1100 SIBLEY ST NE,44.997872,-93.2717714
1100 SPRING ST NE,44.995023,-93.243342
1100 SUMMER ST NE,44.996831,-93.243342
1100 SUMMIT AVE,44.965495,-93.293241
1100 TALMAGE AVE SE,,
1100 TAYLOR ST NE,45.0090431,-93.2438191
1100 TYLER ST NE,44.9996124,-93.2462189
1100 UNIVERSITY AVE NE,45.0374593,-93.2627274
1100 UNIVERSITY AVE SE,44.9691552,-93.2104315
1100 UPTON AVE N,44.9892021,-93.3143536
1100 WASHINGTON ST NE,44.9988959,-93.2577933
1100 WEST BROADWAY,44.9995077,-93.2943782
1100 WEST RIVER PKWY,45.0235164,-93.2805298
1100 WINTER ST NE,44.9932,-93.236276
1101 29TH AVE NE,45.020488,-93.243311
1104 42ND ST W,44.9268437,-93.2831161
1104 43RD ST W,44.9250901,-93.293587
1104 44TH ST W,44.923277,-93.293418
111 MAIN ST NE,44.9881984,-93.2602314
1120 11TH AVE SE,44.9845597,-93.2380331
1120 14TH AVE SE,44.991347,-93.231932
1120 16TH AVE SE,44.991334,-93.229385
1122 15TH AVE SE,44.9917375,-93.230658
1128 HUMBOLDT AVE N,44.9895356,-93.298087
113 PORTLAND AVE,44.9796406,-93.2586892
1132 COMO AVE SE,,
115 32ND ST W,44.9450445,-93.3255344
1150 5TH ST N,44.9898965,-93.2853114
1150 6TH ST N,44.9895517,-93.2863757
1170 EMERSON AVE N,45.00603,-93.2941376
1172 24TH ST W,44.959204,-93.2938524
1178 14TH AVE SE,44.9927516,-93.2319418
120 16TH ST E,44.967546,-93.2761637
120 42ND ST W,44.92694,-93.2807
120 46TH ST W,44.9197014,-93.2807834
120 48TH ST W,44.9160888,-93.2803119
120 BEDFORD ST SE,44.9650688,-93.2087052
120 PROSPECT AVE,44.9116225,-93.2809204
1200 12TH AVE N,44.990924,-93.295828
1200 13TH AVE NE,45.000787,-93.242049
1200 14TH AVE N,44.993139,-93.29583
1200 14TH AVE NE,45.001616,-93.242082
1200 15TH AVE N,44.99424,-93.295825
1200 16TH AVE N,44.995322,-93.295821
1200 17TH AVE N,44.9964,-93.295826
1200 18TH AVE NE,45.005874,-93.242096
1200 19TH ST E,44.9640439,-93.2574756
1200 21ST ST E,44.961889,-93.257219
1200 22ND AVE N,45.001598,-93.295792
1200 22ND AVE NE,45.0095846,-93.2397775
1200 22ND ST E,44.960997,-93.257211
1200 22ND ST W,44.961001,-93.294546
1200 23RD AVE NE,45.011275,-93.242066
1200 24TH ST E,44.959205,-93.294553
1200 24TH ST W,44.959205,-93.294553
1200 25TH AVE N,45.004906,-93.296695
1200 25TH ST E,44.9575321,-93.2572768
1200 25TH ST W,44.9574921,-93.2946016
1200 26TH AVE N,45.0059839,-93.3028631
1200 26TH AVE NE,45.014896,-93.242063
1200 26TH ST E,44.9557355,-93.2573131
1200 26TH ST W,44.9560644,-93.2953731
1200 27TH AVE N,45.00783,-93.294485
1200 27TH ST W,44.953828,-93.294585
1200 28TH AVE NE,45.01851,-93.242043
1200 28TH ST E,44.952032,-93.257364
1200 28TH ST W,44.952162,-93.2946412
1200 29TH AVE N,45.00954,-93.2919952
1200 29TH AVE NE,45.020331,-93.242034
1200 29TH ST E,44.950136,-93.257383
1200 29TH ST W,44.951198,-93.3175868
1200 2ND AVE N,44.979073,-93.29572
1200 2ND ST N,44.9916819,-93.2795733
1200 2ND ST NE,44.999941,-93.266265
1200 2ND ST S,44.9824295,-93.2665715
1200 30TH AVE N,45.011424,-93.294481
1200 30TH AVE NE,45.022151,-93.24205
1200 31ST ST E,44.946635,-93.257395
1200 31ST ST W,44.946671,-93.294645
1200 32ND ST W,44.944789,-93.294669
1200 33RD AVE N,45.015026,-93.294491
1200 33RD AVE NE,45.027554,-93.242058
1200 33RD ST W,44.942998,-93.294685
1200 34TH AVE N,45.016826,-93.294492
1200 34TH ST W,44.941411,-93.294707
1200 35TH AVE N,45.018646,-93.294506
1200 35TH ST E,44.939624,-93.257327
1200 36TH ST E,44.937831,-93.257304
1200 37TH AVE N,45.022247,-93.294506
1200 37TH ST E,44.936022,-93.257284
1200 38TH ST E,44.934221,-93.257265
1200 39TH ST E,44.932431,-93.257271
1200 3RD ST N,44.991626,-93.282815
1200 3RD ST NE,44.999973,-93.2648311
1200 41ST ST E,44.92882,-93.257288
1200 4TH AVE S,44.9703694,-93.2703143
1200 4TH ST SE,44.981443,-93.238423
1200 50TH ST W,44.912407,-93.294797
1200 52ND ST E,44.90896,-93.257371
1200 54TH ST W,44.905184,-93.294821
1200 56TH ST W,44.901557,-93.29482
1200 5TH ST N,44.98269,-93.2768163
1200 5TH ST SE,44.982435,-93.237637
1200 6TH ST S,44.970958,-93.254842
1200 6TH ST SE,44.983413,-93.236837
1200 7TH ST S,44.970008,-93.25565
1200 7TH ST SE,44.984397,-93.236063
1200 8TH ST SE,44.985375,-93.235307
1200 9TH ST S,44.968041,-93.257283
1200 BANNEKER AVE N,44.989893,-93.296919
1200 BROADWAY ST NE,44.99863,-93.242097
1200 BROOK AVE SE,44.9865078,-93.229368
1200 BUCHANAN ST NE,44.999876,-93.239823
1200 CENTRAL AVE NE,45.000356,-93.247483
1200 CHESTNUT AVE,44.977024,-93.2829211
1200 COMO AVE SE,,
1200 CURRIE AVE,44.977982,-93.28175
1200 DINKYTOWN GREENWAY SE,,
1200 DOUGLAS AVE,44.966483,-93.294523
1200 DOWLING AVE N,45.024062,-93.294507
1200 DUPONT AVE N,44.991616,-93.292471
1200 EAST RIVER PKWY,44.965122,-93.221745
1200 ELWOOD AVE N,44.9857576,-93.3007889
1200 FRANKLIN AVE W,44.9627513,-93.305952
1200 FREMONT AVE N,44.990965,-93.29554
1200 GLENWOOD AVE,44.980577,-93.295662
1200 HARMON PL,44.973809,-93.27981
1200 HAWTHORNE AVE,44.9765017,-93.2792807
1200 HENNEPIN AVE,44.974768,-93.280604
1200 HENNEPIN AVE E,44.9642386,-93.2897492
1200 JACKSON ST NE,45.0382639,-93.249882
1200 KNOX AVE N,44.9905236,-93.3018143
1200 LAGOON AVE,44.949562,-93.2948339
1200 LAKE ST E,44.948446,-93.25741
1200 LAKE ST W,44.9485128,-93.2949052
1200 LASALLE AVE,44.97257,-93.277985
1200 LAUREL AVE,44.9739776,-93.2842216
1200 LINCOLN AVE,44.9644435,-93.2928707
1200 LINDEN AVE,44.976033,-93.282455
1200 LOGAN AVE N,44.98983,-93.303092
1200 LOWRY AVE N,45.013232,-93.294485
1200 MAIN ST NE,44.999941,-93.267785
1200 MARQUETTE AVE,44.9713008,-93.2757804
1200 MARSHALL ST NE,44.998775,-93.269291
1200 MIDTOWN GREENWAY E,44.9523406,-93.2441367
1200 MIDTOWN GREENWAY W,44.9487316,-93.3227503
1200 MORGAN AVE N,44.989833,-93.304357
1200 NICOLLET MALL,44.9718721,-93.2769279
1200 OLIVER AVE N,44.989839,-93.306867
1200 PENN AVE N,44.989842,-93.308118
1200 PIERCE ST NE,44.999926,-93.241092
1200 POWDERHORN TERR,44.9458962,-93.2573352
1200 QUEEN AVE N,44.989624,-93.309414
1200 RUSSELL AVE N,44.989678,-93.310682
1200 SPRING ST NE,44.9949594,-93.2419246
1200 SUMMER ST NE,44.996828,-93.242086
1200 TALMAGE AVE SE,,
1200 THOMAS AVE N,44.990766,-93.313238
1200 UNIVERSITY AVE NE,45.0374593,-93.2627274
1200 UNIVERSITY AVE SE,44.9691552,-93.2104315
1200 VINCENT AVE N,44.990288,-93.315787
1200 WASHBURN AVE N,44.990297,-93.317074
1200 WASHINGTON AVE N,44.991047,-93.280883
1200 WEST BROADWAY,44.9993892,-93.2959885
1200 YALE AVE,,
1200 YALE PL,44.972918,-93.27907
121 SEYMOUR AVE SE,44.9656987,-93.2126484
122 14TH AVE NE,45.0014595,-93.2698107
122 DIAMOND LAKE RD W,,
1220 25TH AVE N,45.0050165,-93.2968164
1220 HUMBOLDT AVE N,44.9910821,-93.2980882
1221 THOMAS AVE N,44.990782,-93.31347
1222 LINDEN AVE,44.9760334,-93.2824986
1224 SHERIDAN AVE N,44.9907871,-93.3119557
123 10TH AVE NE,44.9974259,-93.2668521
123 5TH AVE NE,44.9928294,-93.2627439
123 6TH AVE NE,44.9936112,-93.2632772
123 8TH AVE NE,44.9958929,-93.2648445
123 FRANKLIN AVE W,44.9627513,-93.305952
124 13TH AVE NE,45.0002089,-93.2693629
124 16TH AVE NE,45.003809,-93.2684967
124 17TH AVE NE,45.005217,-93.2671539
124 17TH ST E,44.96636,-93.2749002
124 18TH ST E,44.9653059,-93.2750758
124 19TH ST E,44.963755,-93.2528072
124 22ND ST E,44.9609805,-93.2761546
124 24TH ST E,44.9592872,-93.2761759
124 26TH ST E,44.955614,-93.2738452
124 27TH ST E,44.953816,-93.2762272
124 35TH ST E,44.939622,-93.2762213
124 36TH ST E,44.9378205,-93.2762213
124 38TH ST E,44.934141,-93.256872
124 46TH ST E,44.919768,-93.2466911
124 49TH ST W,44.9142797,-93.2807938
124 60TH ST E,44.8943435,-93.2766014
124 FRANKLIN AVE E,44.9627773,-93.2748847
124 GROVELAND AVE,44.9645,-93.2806784
124 LAKE ST E,44.948435,-93.2762829
1250 MIDTOWN GREENWAY W,44.9487316,-93.3227503
1250 NEWTON AVE N,44.9902232,-93.3056129
1250 OLIVER AVE N,44.9902227,-93.3068639
126 12TH ST N,44.978183,-93.2814832
128 BEDFORD ST SE,44.964475,-93.20911
130 EMERALD ST,44.9643977,-93.2078587
130 ISLAND AVE E,44.9904184,-93.2648523
1300 10TH AVE N,44.9888343,-93.2826821
1300 11TH AVE S,44.9691413,-93.2582649
1300 13TH AVE NE,45.000616,-93.240799
1300 14TH AVE N,44.993125,-93.297365
1300 14TH AVE NE,45.0019772,-93.2685935
1300 16TH AVE N,44.995324,-93.297362
1300 17TH AVE N,44.996404,-93.297355
1300 17TH AVE NE,45.005043,-93.240825
1300 17TH ST E,44.9662744,-93.2759415
1300 18TH AVE N,44.997488,-93.297347
1300 18TH AVE NE,45.00588,-93.24083
1300 1ST AVE S,44.969722,-93.276567
1300 21ST AVE N,45.000351,-93.297338
1300 21ST ST E,44.961889,-93.255991
1300 22ND AVE NE,45.00949,-93.240792
1300 22ND ST E,44.960998,-93.255976
1300 22ND ST W,44.961004,-93.295813
1300 23RD AVE N,45.002709,-93.297323
1300 23RD AVE NE,45.011281,-93.240788
1300 23RD ST E,44.9601748,-93.2560153
1300 24TH ST E,44.959209,-93.295827
1300 24TH ST W,44.959209,-93.295827
1300 25 1/2 ST W,,
1300 25TH AVE N,45.004908,-93.297324
1300 25TH ST E,44.957411,-93.256006
1300 25TH ST W,44.956414,-93.296327
1300 26TH AVE N,45.0058973,-93.2787254
1300 26TH AVE NE,45.014902,-93.240792
1300 26TH ST E,44.955614,-93.256036
1300 26TH ST W,44.955624,-93.295859
1300 27TH AVE N,45.007836,-93.295743
1300 27TH ST E,44.953828,-93.256063
1300 27TH ST W,44.95383,-93.295859
1300 28TH ST E,44.952032,-93.25609
1300 28TH ST W,44.952036,-93.295859
1300 29TH AVE N,45.00954,-93.2919952
1300 29TH AVE NE,45.020342,-93.240761
1300 29TH ST E,44.950111,-93.256121
1300 2ND AVE N,44.979086,-93.297339
1300 2ND ST N,44.99212,-93.279705
1300 2ND ST NE,45.0010399,-93.2663511
1300 2ND ST S,44.9824295,-93.2665715
1300 30TH AVE N,45.011435,-93.29574
1300 30TH AVE NE,45.022158,-93.240769
1300 31ST ST W,44.946666,-93.29593
1300 32ND AVE NE,45.025882,-93.2320142
1300 32ND ST W,44.944784,-93.295943
1300 33RD AVE N,45.015041,-93.295758
1300 33RD ST W,44.94299,-93.295964
1300 34TH AVE N,45.016834,-93.295765
1300 34TH AVE NE,45.029366,-93.240777
1300 34TH ST W,44.94141,-93.295989
1300 35TH AVE N,45.018657,-93.295766
1300 35TH ST E,44.93963,-93.256059
1300 35TH ST W,44.939598,-93.296004
1300 37TH AVE N,45.022258,-93.295766
1300 37TH AVE NE,45.0325339,-93.2821642
1300 37TH ST E,44.936021,-93.256025
1300 38TH ST E,44.934222,-93.256006
1300 39TH ST E,44.932423,-93.256004
1300 3RD AVE S,44.969635,-93.271792
1300 3RD ST N,44.992094,-93.282826
1300 3RD ST NE,45.001028,-93.264724
1300 41ST ST E,44.928817,-93.256013
1300 42ND AVE N,45.031617,-93.295927
1300 42ND ST W,44.9268664,-93.2951626
1300 43RD ST W,44.925089,-93.295198
1300 44TH AVE N,45.035528,-93.297232
1300 46TH ST E,44.9197887,-93.25543
1300 49TH AVE N,45.0441631,-93.3227581
1300 49TH ST E,44.914389,-93.256072
1300 49TH ST W,44.914228,-93.296095
1300 4TH ST NE,45.00102,-93.261681
1300 4TH ST SE,44.980911,-93.237012
1300 54TH ST E,44.905348,-93.256128
1300 57TH ST W,44.899764,-93.29611
1300 5TH AVE S,44.8927152,-93.2691001
1300 5TH ST NE,45.001024,-93.260361
1300 5TH ST SE,44.981886,-93.236255
1300 6TH ST NE,45.001064,-93.2591573
1300 6TH ST SE,44.98287,-93.235479
1300 7TH ST SE,44.983853,-93.234709
1300 8TH ST SE,44.984825,-93.233931
1300 9TH ST S,44.9744135,-93.272527
1300 BROADWAY ST NE,44.998631,-93.240808
1300 BROOK AVE SE,44.9865077,-93.2292487
1300 BRYANT AVE N,44.992536,-93.290965
1300 BUCHANAN ST NE,45.000658,-93.23982
1300 CENTRAL AVE NE,45.000611,-93.247484
1300 CLINTON AVE,44.965731,-93.271577
1300 COMO AVE SE,,
1300 DINKYTOWN GREENWAY S,,
1300 DOUGLAS AVE,44.9666201,-93.2959976
1300 DOWLING AVE N,45.024071,-93.295774
1300 DUPONT AVE N,44.992088,-93.292469
1300 EAST RIVER PKWY,44.964694,-93.22106
1300 EMERSON AVE N,44.992094,-93.294005
1300 FILLMORE ST NE,45.0006626,-93.242372
1300 FRANKLIN AVE E,44.962806,-93.256625
1300 FRANKLIN AVE SE,44.964719,-93.220943
1300 FRANKLIN AVE W,44.9627513,-93.305952
1300 FREMONT AVE N,44.9921,-93.295544
1300 GIRARD AVE N,44.992106,-93.297078
1300 GLENWOOD AVE,44.980766,-93.297302
1300 GODWARD ST NE,44.9995619,-93.2141917
1300 GOLDEN VALLEY RD,44.998809,-93.297338
1300 GRAND ST NE,45.0006486,-93.2689443
1300 HARMON PL,44.973276,-93.281147
1300 HAWTHORNE AVE,44.9765017,-93.2792807
1300 HENNEPIN AVE,44.9746279,-93.2823169
1300 HENNEPIN AVE E,44.9493798,-93.2962855
1300 HOLDEN ST N,44.9799203,-93.2843398
1300 JAMES AVE N,44.991625,-93.300559
1300 JEFFERSON ST NE,45.001023,-93.255118
1300 KNOX AVE N,44.991625,-93.301811
1300 LAGOON AVE,44.9494633,-93.2961055
1300 LAKE ST E,44.948442,-93.256143
1300 LAKE ST W,44.9488238,-93.2961141
1300 LINCOLN AVE,44.964212,-93.295798
1300 LINCOLN ST NE,45.000657,-93.238546
1300 LINDEN AVE,44.976038,-93.282998
1300 LOGAN AVE N,44.991624,-93.30309
1300 LOWRY AVE N,45.01324,-93.295737
1300 LOWRY AVE NE,45.0131628,-93.2681571
1300 LYNDALE AVE N,44.99207,-93.287877
1300 MADISON ST NE,45.001021,-93.253829
1300 MAIN ST NE,45.000979,-93.2679639
1300 MARQUETTE AVE,44.97042,-93.275921
1300 MARSHALL ST NE,45.000135,-93.270248
1300 MIDTOWN GREENWAY E,44.9523406,-93.2441367
1300 MIDTOWN GREENWAY W,44.9487316,-93.3227503
1300 MONROE ST NE,45.001024,-93.252562
1300 MORGAN AVE N,44.991624,-93.304342
1300 NEWTON AVE N,44.991624,-93.305586
1300 NICOLLET MALL,44.9706719,-93.2785086
1300 OLIVER AVE N,44.991624,-93.306844
1300 PENN AVE N,44.991628,-93.308104
1300 PIERCE ST NE,45.000658,-93.241088
1300 PLYMOUTH AVE N,44.992066,-93.297558
1300 POLK ST NE,45.0369529,-93.2421933
1300 PORTLAND AVE,44.9692607,-93.2677781
1300 POWDERHORN TERR,44.9459012,-93.2560857
1300 QUARRY CENTER DR,45.0044829,-93.2319309
1300 QUEEN AVE N,44.991635,-93.309386
1300 RUSSELL AVE N,44.991639,-93.31066
1300 SHERIDAN AVE N,44.991647,-93.311949
1300 SPRING ST NE,44.995014,-93.240785
1300 SPRUCE PL,44.9732042,-93.2826196
1300 SUMMIT AVE,44.965505,-93.295797
1300 TALMAGE AVE SE,,
1300 TYLER ST NE,45.000625,-93.246195
1300 UNIVERSITY AVE NE,45.0374593,-93.2627274
1300 UNIVERSITY AVE SE,44.9691552,-93.2104315
1300 UPTON AVE N,44.991659,-93.314512
1300 VAN BUREN ST NE,45.0391625,-93.2486214
1300 VINCENT AVE N,44.991666,-93.315787
1300 WASHINGTON AVE N,44.992107,-93.281316
1300 WASHINGTON AVE S,44.9819008,-93.2686217
1300 WASHINGTON ST NE,45.0010839,-93.2578031
1300 WATER ST,44.999049,-93.273027
1300 WEST BROADWAY,44.9993763,-93.2977066
1300 WILLOW ST,44.969768,-93.281961
1300 WINTER ST NE,44.993204,-93.232853
1300 XERXES AVE N,44.9917576,-93.318124
1300 YALE AVE,,
1300 YALE PL,44.9726209,-93.2806755
1307 26TH AVE N,45.0058973,-93.2787254
1320 27TH ST W,44.9538302,-93.2960541
135 PACIFIC PL,,
1350 1ST AVE S,44.9693883,-93.276567
1350 LASALLE AVE,44.9701893,-93.2794503
1350 NICOLLET AVE,44.9693985,-93.277933
1350 WILLOW ST,44.9693466,-93.281961
1355 FRANKLIN AVE E,44.9626436,-93.255786
1355 WEST MINNEHAHA PKWY,44.9118448,-93.2981019
138 MELBOURNE AVE SE,44.965603,-93.2146443
1387 PENN AVE N,44.9927943,-93.308336
1388 NICOLLET AVE,44.9691392,-93.277933
14 LUVERNE AVE,44.9098194,-93.2771427
140 13TH AVE NE,45.0003214,-93.2690314
140 ORLIN AVE SE,44.966327,-93.209364
140 PILLSBURY DR SE,44.9784008,-93.2376106
1400 10TH AVE S,44.968792,-93.259753
1400 11TH AVE N,44.989048,-93.298375
1400 11TH AVE S,44.968806,-93.258265
1400 12TH AVE NE,44.999608,-93.2395802
1400 16TH AVE NE,45.004249,-93.239549
1400 19TH AVE NE,45.007685,-93.239545
1400 19TH ST E,44.964022,-93.255243
1400 1ST AVE S,44.968822,-93.276567
1400 21ST ST E,44.961886,-93.254672
1400 22ND ST E,44.961,-93.254671
1400 22ND ST W,44.9608483,-93.3139294
1400 24TH ST E,44.9593621,-93.2546806
1400 24TH ST W,44.9591558,-93.3115983
1400 25 1/2 ST W,,
1400 25TH AVE N,45.0051346,-93.2982018
1400 25TH ST E,44.957411,-93.254755
1400 25TH ST W,44.9573952,-93.328806
1400 26TH AVE NE,45.014907,-93.239514
1400 26TH ST W,44.955625,-93.296963
1400 27TH AVE NE,45.0165931,-93.2394888
1400 27TH ST E,44.95383,-93.254804
1400 27TH ST W,44.953832,-93.297162
1400 28TH ST E,44.952032,-93.254823
1400 28TH ST W,44.9519712,-93.314068
1400 29TH AVE NE,45.020347,-93.239487
1400 29TH ST E,44.95012,-93.25486
1400 2ND AVE N,44.979095,-93.298361
1400 2ND ST N,44.99322,-93.279731
1400 2ND ST S,44.9824295,-93.2665715
1400 30TH AVE N,45.011445,-93.297013
1400 31ST ST E,44.9466749,-93.2773003
1400 31ST ST W,44.946601,-93.2820348
1400 32ND AVE NE,45.025882,-93.2320142
1400 32ND ST W,44.944775,-93.29849
1400 33RD AVE N,45.015053,-93.297032
1400 33RD ST E,44.943006,-93.254846
1400 33RD ST W,44.942982,-93.29978
1400 34TH AVE N,45.016846,-93.297017
1400 34TH ST W,44.941409,-93.297263
1400 35TH ST E,44.93963,-93.254793
1400 35TH ST W,44.939598,-93.299799
1400 36TH AVE NE,45.0326649,-93.232609
1400 37TH AVE N,45.022266,-93.297016
1400 37TH AVE NE,45.0354014,-93.239336
1400 37TH ST E,44.93602,-93.254766
1400 38TH ST E,44.93422,-93.254754
1400 3RD AVE S,44.8926603,-93.2729598
1400 3RD ST NE,45.0021601,-93.2648923
1400 3RD ST S,44.972488,-93.249188
1400 40TH AVE N,45.027705,-93.297124
1400 40TH ST E,44.930613,-93.254762
1400 43RD AVE N,45.033431,-93.297223
1400 44TH ST E,44.923403,-93.254762
1400 47TH ST W,44.917843,-93.297392
1400 48TH ST W,44.916034,-93.297384
1400 49TH ST W,44.914228,-93.297369
1400 4TH AVE S,44.9689452,-93.2703688
1400 4TH ST NE,45.002116,-93.261672
1400 4TH ST SE,44.980354,-93.235634
1400 50TH ST E,44.9122962,-93.2544731
1400 50TH ST W,44.912413,-93.297354
1400 54TH ST E,44.905348,-93.254854
1400 54TH ST W,44.905188,-93.297362
1400 56TH ST E,44.901674,-93.254983
1400 5TH AVE N,44.982733,-93.298369
1400 5TH AVE S,44.8927152,-93.2691001
1400 5TH ST S,44.970529,-93.250763
1400 5TH ST SE,44.98134,-93.234871
1400 60TH ST E,44.894411,-93.255144
1400 62ND ST E,44.890795,-93.255289
1400 6TH ST S,44.9683979,-93.2491597
1400 6TH ST SE,44.982317,-93.234103
1400 7TH ST SE,44.983294,-93.233332
1400 8TH ST SE,44.984277,-93.232557
1400 ALDRICH AVE N,44.99318,-93.289389
1400 BARNES PL,44.988215,-93.298377
1400 CALIFORNIA ST NE,45.002874,-93.269013
1400 CEDAR LAKE PKWY,44.9533017,-93.317492
1400 CENTRAL AVE NE,45.002405,-93.247499
1400 CHESTNUT AVE,44.977019,-93.284719
1400 CHICAGO AVE,44.968764,-93.262645
1400 COMO AVE SE,,
1400 DOUGLAS AVE,44.96649,-93.297472
1400 DOWLING AVE N,45.024081,-93.297018
1400 DUPONT AVE N,44.9935342,-93.2924627
1400 EAST RIVER PKWY,44.963684,-93.219485
1400 ELLIOT AVE,44.968778,-93.261149
1400 EMERSON AVE N,44.99318,-93.294002
1400 FILLMORE ST NE,45.0006832,-93.242372
1400 FRANKLIN AVE SE,44.96454,-93.21904
1400 FRANKLIN AVE W,44.9627513,-93.305952
1400 FREMONT AVE N,45.0297379,-93.2957681
1400 GIRARD AVE N,44.993181,-93.297072
1400 GLENWOOD AVE,44.980887,-93.298483
1400 GRAND ST NE,45.0017567,-93.2697144
1400 HALL CV,,
1400 HARMON PL,44.9732655,-93.2809076
1400 HENNEPIN AVE,44.973237,-93.284387
1400 HENNEPIN AVE E,45.0026855,-93.2491265
1400 IRVING AVE N,44.993192,-93.299321
1400 LAGOON AVE,44.9494039,-93.2974028
1400 LAKE ST E,44.948444,-93.254885
1400 LAKE ST W,44.9505982,-93.310528
1400 LASALLE AVE,44.968678,-93.279449
1400 LAUREL AVE,44.9741309,-93.2827861
1400 LOGAN AVE N,44.993192,-93.303084
1400 LOWRY AVE N,45.0130808,-93.279805
1400 LYNDALE AVE N,44.99318,-93.287871
1400 MAIN ST NE,45.002133,-93.267763
1400 MARSHALL ST NE,45.0011643,-93.2714024
1400 MIDTOWN GREENWAY W,44.9487316,-93.3227503
1400 MORGAN AVE N,44.993188,-93.304335
1400 NEWTON AVE N,44.993197,-93.305587
1400 NICOLLET AVE,44.968669,-93.277933
1400 OLIVER AVE N,44.993197,-93.306838
1400 PARK AVE,44.9684969,-93.265498
1400 PLYMOUTH AVE N,44.9920773,-93.2984119
1400 PORTLAND AVE,44.968791,-93.26777
1400 QUEEN AVE N,44.993453,-93.309386
1400 QUINCY ST NE,45.002411,-93.251325
1400 ROLLINS AVE SE,44.9848632,-93.2295371
1400 SAINT ANTHONY PKWY,45.023886,-93.239503
1400 SPRUCE PL,44.968689,-93.280946
1400 SUMMIT AVE,44.965508,-93.297066
1400 TALMAGE AVE SE,,
1400 THOMAS AVE N,44.993482,-93.31323
1400 UNIVERSITY AVE NE,45.0374593,-93.2627274
1400 UNIVERSITY AVE SE,44.9691552,-93.2104315
1400 VAN BUREN ST NE,45.0391625,-93.2486214
1400 VINCENT AVE N,44.993509,-93.315779
1400 WASHBURN AVE N,44.993523,-93.317091
1400 WASHINGTON AVE N,44.993205,-93.281351
1400 WASHINGTON AVE S,44.973565,-93.248618
1400 WATER ST,44.9993617,-93.273311
1400 WILLOW ST,44.968696,-93.281961
1400 WINTER ST NE,44.993206,-93.231888
1400 YALE PL,44.97185,-93.28171
1401 26TH AVE N,45.0057885,-93.2982197
1401 FRANKLIN AVE E,44.962809,-93.2552308
1401 PENN AVE N,44.993443,-93.308336
141 29TH AVE NE,45.0205767,-93.2698919
1419 NICOLLET AVE,44.9686115,-93.277701
142 OAK ST SE,44.9753139,-93.2269041
1420 28TH ST W,44.9519712,-93.314068
1420 31ST ST W,44.946601,-93.2820348
1420 32ND ST W,44.9446113,-93.2978444
1420 33RD ST W,44.9428136,-93.2988782
1420 34TH ST W,44.941408,-93.298529
1420 LAGOON AVE,44.9491752,-93.2986066
1420 LAKE ST W,44.9505982,-93.310528
1420 MIDTOWN GREENWAY W,44.9487316,-93.3227503
1430 28TH ST W,44.9519712,-93.314068
1440 31ST ST W,44.946601,-93.2820348
1440 32ND ST W,44.9447779,-93.2988716
1440 33RD ST W,44.9428153,-93.2992615
1440 35TH ST W,44.9394322,-93.298771
1440 LAKE ST W,44.9505982,-93.310528
1450 25 1/2 ST W,,
1450 34TH ST W,44.9414092,-93.2998164
1466 44TH AVE N,45.035528,-93.2986804
1472 COMO AVE SE,,
148 MALCOLM AVE SE,44.9674692,-93.2165733
149 GLENWOOD AVE,44.9789828,-93.2841024
15 40TH ST W,44.9304131,-93.2786001
15 ARTHUR AVE SE,44.9698359,-93.2150464
150 14TH AVE NE,45.001788,-93.2688239
150 15TH AVE NE,45.0029162,-93.2674902
150 21ST AVE S,44.9260067,-93.2422639
150 27TH AVE SE,44.9698926,-93.2198479
150 28TH ST E,44.9520223,-93.2746557
150 37TH AVE NE,45.0325339,-93.2821642
150 7TH ST N,44.9786307,-93.2755313
150 MIDTOWN GREENWAY E,44.9523406,-93.2441367
150 MORGAN AVE N,44.9777312,-93.304404
150 PENN AVE N,44.9825103,-93.3083141
150 WILLIAMS AVE SE,44.9690104,-93.218303
1500 10TH AVE S,44.967925,-93.259762
1500 11TH AVE N,44.989066,-93.300346
1500 11TH AVE S,44.967911,-93.258274
1500 14TH AVE N,44.993152,-93.299611
1500 14TH AVE NE,45.0019772,-93.2685935
1500 16TH AVE N,44.995291,-93.299612
1500 16TH AVE NE,45.004252,-93.238284
1500 17TH AVE N,44.996403,-93.299618
1500 18TH AVE N,44.997499,-93.299609
1500 18TH ST E,44.964843,-93.253786
1500 19TH AVE NE,45.007691,-93.238271
1500 19TH ST E,44.963836,-93.253786
1500 1ST AVE S,44.968032,-93.276567
1500 1ST ST N,44.9877927,-93.272475
1500 21ST ST E,44.961894,-93.253344
1500 22ND AVE NE,45.009502,-93.238259
1500 22ND ST E,44.961001,-93.252176
1500 23RD AVE NE,45.011293,-93.238254
1500 23RD ST E,44.960094,-93.253352
1500 24TH ST E,44.9593373,-93.2533577
1500 24TH ST W,44.9591558,-93.3115983
1500 25TH AVE N,45.004702,-93.300062
1500 25TH ST E,44.957411,-93.253481
1500 25TH ST W,44.9573952,-93.328806
1500 26TH AVE NE,45.0148795,-93.2380937
1500 26TH ST E,44.9557281,-93.2535249
1500 26TH ST W,44.955673,-93.298479
1500 27TH AVE N,45.007851,-93.298268
1500 27TH AVE NE,45.0166306,-93.2382011
1500 27TH ST E,44.953832,-93.25353
1500 27TH ST W,44.953865,-93.299307
1500 28TH AVE NE,45.018533,-93.238224
1500 28TH ST E,44.952033,-93.253564
1500 28TH ST W,44.9519712,-93.314068
1500 29TH ST E,44.950128,-93.253589
1500 2ND ST N,44.994315,-93.279756
1500 2ND ST NE,45.003226,-93.266229
1500 30TH AVE N,45.011455,-93.298276
1500 31ST ST E,44.9466749,-93.2773003
1500 31ST ST W,44.946601,-93.2820348
1500 32ND ST E,44.944838,-93.252321
1500 32ND ST W,44.944796,-93.301053
1500 33RD AVE N,45.015068,-93.298284
1500 33RD ST E,44.943004,-93.253573
1500 33RD ST W,44.9429154,-93.2848083
1500 34TH AVE N,45.016857,-93.298283
1500 34TH ST E,44.941435,-93.253549
1500 34TH ST W,44.941414,-93.301061
1500 35TH AVE N,45.018676,-93.298276
1500 35TH ST E,44.93963,-93.253538
1500 35TH ST W,44.939599,-93.301077
1500 36TH AVE N,45.020466,-93.298269
1500 36TH ST E,44.93783,-93.253519
1500 37TH AVE NE,45.0325339,-93.2821642
1500 37TH ST E,44.936019,-93.253495
1500 3RD AVE S,44.8926603,-93.2729598
1500 3RD ST N,45.0193958,-93.283454
1500 3RD ST NE,45.0033154,-93.2649419
1500 3RD ST S,44.9723468,-93.2491247
1500 40TH ST E,44.930609,-93.253503
1500 41ST ST E,44.928811,-93.253491
1500 45TH ST E,44.921522,-93.2479288
1500 46TH ST E,44.919791,-93.253497
1500 48TH ST E,44.916178,-93.253525
1500 4TH AVE S,44.8926503,-93.2703858
1500 4TH ST NE,45.003205,-93.261675
1500 4TH ST S,44.971165,-93.249165
1500 4TH ST SE,44.979792,-93.234262
1500 51ST AVE N,45.047611,-93.299695
1500 53RD AVE N,45.051219,-93.299367
1500 55TH ST E,44.903559,-93.253739
1500 55TH ST W,44.903526,-93.2985749
1500 5TH AVE N,44.9827703,-93.2908486
1500 5TH AVE S,44.8927152,-93.2691001
1500 5TH ST NE,45.003201,-93.260348
1500 5TH ST S,44.9704229,-93.250517
1500 5TH ST SE,44.9870542,-93.2490033
1500 62ND ST E,44.890796,-93.254008
1500 6TH ST NE,45.0039221,-93.2595373
1500 6TH ST S,44.969225,-93.25079
1500 6TH ST SE,44.9834725,-93.2367522
1500 7TH ST S,44.9699915,-93.2559572
1500 8TH ST SE,44.983718,-93.231177
1500 ADAMS ST NE,45.0032365,-93.2566164
1500 ALDRICH AVE N,44.994608,-93.289385
1500 BROOK AVE SE,44.9865073,-93.2290102
1500 BRYANT AVE N,44.9822005,-93.2908521
1500 BRYANT AVE S,44.9159457,-93.2908557
1500 CHICAGO AVE,44.9679198,-93.2629503
1500 COMO AVE SE,,
1500 CURRIE AVE W,44.978091,-93.299619
1500 DOUGLAS AVE,44.96649,-93.298346
1500 DOWLING AVE N,45.024086,-93.298269
1500 EAST LAKE HARRIET PKWY,44.9187478,-93.2985074
1500 EAST RIVER TERR,44.962447,-93.2151315
1500 ELLIOT AVE,44.967917,-93.261156
1500 ELM ST SE,44.9841998,-93.2236672
1500 EMERSON AVE N,44.994278,-93.294
1500 EMERSON AVE S,44.967245,-93.294472
1500 FRANKLIN AVE E,44.962825,-93.253788
1500 FRANKLIN AVE SE,44.9642651,-93.2175497
1500 FRANKLIN AVE W,44.9627513,-93.305952
1500 GIRARD AVE N,44.994282,-93.297074
1500 GLENWOOD AVE,44.980913,-93.299102
1500 GOLDEN VALLEY RD,44.998817,-93.299596
1500 HARMON PL,44.9732655,-93.2809076
1500 HAWTHORNE AVE,44.9765017,-93.2792807
1500 HENNEPIN AVE,44.9730072,-93.2849481
1500 HENNEPIN AVE E,44.9642386,-93.2897492
1500 HILLSIDE AVE N,45.000364,-93.298987
1500 IRVING AVE N,44.994284,-93.299316
1500 JACKSON ST NE,45.0037525,-93.2502039
1500 JEFFERSON ST NE,45.003197,-93.255123
1500 JOHNSON ST NE,45.0025066,-93.2373478
1500 KNOX AVE N,44.994283,-93.301825
1500 LAGOON AVE,44.949344,-93.301004
1500 LAKE ST E,44.948446,-93.25361
1500 LAKE ST W,44.9505982,-93.310528
1500 LASALLE AVE,44.9674866,-93.2798898
1500 LAUREL AVE,44.974087,-93.284368
1500 LINDEN AVE,44.976047,-93.284368
1500 LOGAN AVE N,44.994283,-93.303083
1500 LOWRY AVE N,45.0130808,-93.279805
1500 LOWRY AVE NE,45.0132114,-93.2320264
1500 MADISON ST NE,45.0032892,-93.2540509
1500 MIDTOWN GREENWAY E,44.9523406,-93.2441367
1500 MIDTOWN GREENWAY W,44.9487316,-93.3227503
1500 MONROE ST NE,45.0032165,-93.2526992
1500 MORGAN AVE N,44.99428,-93.304337
1500 NICOLLET AVE,44.967586,-93.277933
1500 OAK PARK AVE N,44.987586,-93.2998
1500 OLIVER AVE N,44.994279,-93.306844
1500 PARK AVE,44.967914,-93.2655399
1500 PENN AVE N,44.994283,-93.308104
1500 PLYMOUTH AVE N,44.99158,-93.299596
1500 PORTLAND AVE,44.96794,-93.26777
1500 QUINCY ST NE,45.0008909,-93.2512493
1500 ROLLINS AVE SE,44.9848632,-93.2295371
1500 SPRUCE PL,44.967602,-93.280946
1500 TALMAGE AVE SE,,
1500 UNIVERSITY AVE NE,45.0374593,-93.2627274
1500 UNIVERSITY AVE SE,44.9691552,-93.2104315
1500 WASHINGTON AVE N,44.9943,-93.281389
1500 WASHINGTON AVE S,44.973794,-93.2476609
1500 WASHINGTON ST NE,45.003194,-93.257669
1500 WAVERLY PL,44.969071,-93.299719
1500 WEST BROADWAY,44.999609,-93.299082
1500 WINTER ST NE,44.9933566,-93.2465594
1501 MAIN ST NE,45.003229,-93.267539
1507 MOUNT CURVE AVE,44.9675817,-93.2984025
1509 1ST AVE S,44.9680265,-93.276335
151 4TH AVE N,44.9864924,-93.2718096
151 ISLAND AVE W,44.9897157,-93.2662072
1512 22ND AVE N,45.0020395,-93.2998821
1514 NICOLLET AVE,44.967554,-93.277933
1517 MAIN ST NE,45.0038558,-93.267417
1518 COMO AVE SE,,
152 BANK ST,44.9866655,-93.2565168
152 ISLAND AVE E,44.9902699,-93.2641289
1520 22ND ST E,44.960836,-93.2526369
1520 25TH ST E,44.957411,-93.253292
1520 26TH ST E,44.955614,-93.252245
1524 24TH ST E,44.959215,-93.2986538
1524 27TH ST E,44.953833,-93.252461
1524 28TH ST E,44.952034,-93.252638
1524 29TH ST E,44.950135,-93.252659
1524 31ST ST E,44.9466749,-93.2773003
1524 32ND ST E,44.944838,-93.2520959
1524 33RD ST E,44.943006,-93.252646
1524 34TH ST E,44.941432,-93.252637
1524 35TH ST E,44.93963,-93.252604
1524 37TH ST E,44.9360188,-93.2532685
1524 38TH ST E,44.9342132,-93.2527967
1524 39TH ST E,44.932401,-93.252569
1524 41ST ST E,44.9288105,-93.2532632
1524 42ND ST E,44.927019,-93.252554
1524 46TH ST E,44.919792,-93.25257
1524 48TH ST E,44.9161778,-93.2532833
1524 50TH ST E,44.912534,-93.252607
1524 MIDTOWN GREENWAY E,44.9523406,-93.2441367
1526 LAKE ST E,44.9485249,-93.2522744
153 29TH AVE NE,45.0205847,-93.2696696
1560 44TH AVE N,45.035528,-93.2999542
1591 WEST BROADWAY,44.9994558,-93.3004683
16 MALCOLM AVE SE,44.9697388,-93.2128881
160 ORLIN AVE SE,44.9663279,-93.2092458
1600 11TH AVE N,44.989067,-93.300864
1600 14TH AVE N,44.993155,-93.300856
1600 16TH AVE N,44.995292,-93.300878
1600 16TH AVE S,44.8998285,-93.2513645
1600 19TH AVE NE,45.007697,-93.236992
1600 1ST ST N,44.9877927,-93.272475
1600 22ND AVE NE,45.009508,-93.236986
1600 22ND ST W,44.9609818,-93.3277964
1600 23RD AVE NE,45.011308,-93.236983
1600 24TH ST E,44.959216,-93.250932
1600 25TH ST E,44.957411,-93.250951
1600 25TH ST W,44.9573952,-93.328806
1600 26TH AVE NE,45.014917,-93.236963
1600 26TH ST E,44.956568,-93.300684
1600 26TH ST W,44.956568,-93.300684
1600 27TH AVE N,45.007859,-93.299525
1600 27TH ST E,44.953836,-93.250997
1600 27TH ST W,44.95416,-93.300714
1600 28TH AVE NE,45.018549,-93.236943
1600 28TH ST E,44.952034,-93.2518916
1600 29TH AVE N,45.00954,-93.2919952
1600 2ND AVE N,44.978928,-93.30127
1600 2ND AVE S,44.9742972,-93.2707619
1600 2ND ST N,44.99541,-93.279779
1600 2ND ST NE,45.004323,-93.266229
1600 30TH AVE N,45.011461,-93.299532
1600 31ST ST W,44.9476143,-93.324076
1600 32ND ST E,44.944838,-93.251054
1600 32ND ST W,44.944806,-93.302327
1600 33RD AVE N,45.015077,-93.299558
1600 33RD AVE NE,45.02758,-93.236938
1600 33RD ST E,44.94301,-93.251024
1600 33RD ST W,44.943229,-93.30233
1600 34TH AVE NE,45.02939,-93.236934
1600 34TH ST E,44.941427,-93.251016
1600 34TH ST W,44.941419,-93.302329
1600 35TH AVE N,45.018684,-93.299547
1600 36TH AVE N,45.020476,-93.299535
1600 36TH ST E,44.937797,-93.302381
1600 3RD AVE S,44.8926603,-93.2729598
1600 3RD ST NE,45.0043467,-93.26496
1600 42ND AVE N,45.03134,-93.299741
1600 42ND ST E,44.9270204,-93.2518116
1600 43RD AVE N,45.033437,-93.299753
1600 44TH AVE N,45.035528,-93.300452
1600 4TH AVE N,44.98168,-93.301489
1600 4TH ST NE,45.004319,-93.261675
1600 4TH ST S,44.9708873,-93.2485054
1600 4TH ST SE,44.979225,-93.232878
1600 51ST ST E,44.910746,-93.250982
1600 6TH ST S,44.968628,-93.24941
1600 8TH ST SE,44.9832457,-93.2300071
1600 ALDRICH AVE N,44.995258,-93.289381
1600 BROOK AVE SE,44.9865072,-93.2288909
1600 BRYANT AVE S,44.969789,-93.290635
1600 CALIFORNIA ST NE,45.004015,-93.269
1600 CHICAGO AVE,44.96693,-93.262661
1600 CLIFTON PL,44.9667587,-93.2863703
1600 CONIARIS WAY,44.940391,-93.302343
1600 DUPONT AVE N,44.995374,-93.29247
1600 DUPONT AVE S,44.96851,-93.29212
1600 EMERSON AVE N,44.995362,-93.293997
1600 FREMONT AVE S,44.9187629,-93.2959411
1600 GIRARD AVE N,44.995364,-93.297071
1600 GLENWOOD AVE,44.9812037,-93.301012
1600 GOLDEN VALLEY RD,44.998822,-93.300847
1600 GRAND ST NE,45.004015,-93.270225
1600 HARMON PL,44.97171,-93.285014
1600 HENNEPIN AVE,44.9729824,-93.2862811
1600 IRVING AVE N,44.995333,-93.299323
1600 JAMES AVE N,44.9781679,-93.3007209
1600 JOHNSON ST NE,45.005757,-93.237341
1600 LAGOON AVE,44.949346,-93.302288
1600 LAKE ST E,44.94845,-93.251039
1600 LAKE ST W,44.9483709,-93.3222927
1600 LAUREL AVE,44.9739776,-93.2842216
1600 LINCOLN AVE,44.964522,-93.299619
1600 LOWRY AVE N,45.013263,-93.299558
1600 LOWRY AVE NE,45.0132114,-93.2320264
1600 LYN CURVE AVE N,,
1600 LYNDALE AVE S,44.9031734,-93.2882485
1600 MARSHALL ST NE,45.0040263,-93.2716756
1600 MEMORIAL PKWY,,
1600 MIDTOWN GREENWAY W,44.9487316,-93.3227503
1600 MORGAN AVE N,44.995343,-93.30435
1600 NEWTON AVE N,44.995344,-93.305595
1600 OAK PARK AVE N,44.987511,-93.300816
1600 PARK AVE,44.995831,-93.28622
1600 PENN AVE N,44.995351,-93.308096
1600 PIERCE ST NE,45.0362594,-93.2410122
1600 PLYMOUTH AVE N,44.991583,-93.300848
1600 POLK ST NE,45.004704,-93.244929
1600 PORTLAND AVE,44.967052,-93.26777
1600 QUEEN AVE N,44.9945053,-93.309386
1600 ROLLINS AVE SE,44.9848632,-93.2295371
1600 RUSSELL AVE N,44.995282,-93.310659
1600 SHERIDAN AVE N,44.995297,-93.311941
1600 SUMMIT AVE,44.96551,-93.299615
1600 TALMAGE AVE SE,,
1600 TAYLOR ST NE,45.004739,-93.24364
1600 THOMAS AVE N,44.995313,-93.313223
1600 TYLER ST NE,45.004697,-93.246195
1600 UNIVERSITY AVE NE,45.0374593,-93.2627274
1600 UNIVERSITY AVE SE,44.9691552,-93.2104315
1600 UPTON AVE N,44.9953285,-93.3143554
1600 VINCENT AVE N,44.9789588,-93.3159851
1600 WASHINGTON AVE N,44.995391,-93.28142
1600 WEST BROADWAY,44.9997095,-93.3011111
1601 1ST AVE S,44.967176,-93.276349
1601 MAIN ST NE,45.00432,-93.267547
1601 MOUNT CURVE AVE,44.967871,-93.29962
1604 17TH ST N,44.9733929,-93.2869703
1604 HENNEPIN AVE,44.9726522,-93.2858167
1625 COMO AVE SE,,
1626 JEFFERSON ST NE,45.0043584,-93.2551268
1639 PENN AVE N,44.996447,-93.308327
1640 44TH AVE N,45.035529,-93.3011395
1651 BROOK AVE SE,44.9866715,-93.2291204
1684 22ND ST W,44.9609818,-93.3277964
17 11TH AVE NE,44.9973747,-93.2710865
17 13TH AVE NE,44.9993049,-93.2725614
17 8TH AVE NE,44.9943814,-93.2691429
17 ELMWOOD PL E,44.909989,-93.27703
170 LOGAN AVE N,44.9778288,-93.3031394
1700 11TH AVE S,44.9670613,-93.2582827
1700 15TH AVE N,44.994242,-93.302115
1700 16TH AVE N,44.995296,-93.302115
1700 17TH AVE SE,44.9822583,-93.2261508
1700 18TH AVE NE,45.0052283,-93.2318742
1700 1ST AVE S,44.966159,-93.276716
1700 1ST ST N,44.9877927,-93.272475
1700 22ND ST E,44.9613481,-93.2493876
1700 23RD AVE NE,45.011305,-93.235688
1700 24TH ST E,44.959217,-93.249658
1700 25TH ST E,44.957411,-93.249685
1700 26TH ST E,44.9575435,-93.3024148
1700 26TH ST W,44.9575435,-93.3024148
1700 27TH AVE NE,45.016832,-93.2369539
1700 27TH ST E,44.953837,-93.249731
1700 28TH ST E,44.952035,-93.24975
1700 29TH ST E,44.950134,-93.249754
1700 2ND AVE N,44.9792315,-93.3026441
1700 2ND AVE S,44.966154,-93.274148
1700 2ND ST N,44.99649,-93.279802
1700 2ND ST NE,45.005698,-93.266555
1700 30TH AVE N,45.011468,-93.300801
1700 31ST ST E,44.946644,-93.249777
1700 31ST ST W,44.94668,-93.303593
1700 32ND ST E,44.944835,-93.249774
1700 32ND ST W,44.9449691,-93.3036591
1700 33RD AVE N,45.015086,-93.300821
1700 33RD ST E,44.943011,-93.249758
1700 34TH AVE N,45.016876,-93.300817
1700 34TH ST E,44.941426,-93.249734
1700 36TH ST E,44.937825,-93.249719
1700 37TH ST E,44.9360155,-93.2492419
1700 38TH ST E,44.934203,-93.2492354
1700 39TH ST E,44.932382,-93.249688
1700 3RD AVE N,44.9800676,-93.3021396
1700 3RD AVE S,44.9660552,-93.2731107
1700 3RD ST NE,45.0054842,-93.2649057
1700 40TH ST E,44.930541,-93.249681
1700 42ND AVE N,45.031349,-93.301015
1700 43RD AVE N,45.033442,-93.301031
1700 44TH ST E,44.923406,-93.249666
1700 46TH ST E,44.919795,-93.249674
1700 4TH AVE S,44.8926503,-93.2703858
1700 4TH ST NE,45.005403,-93.261682
1700 4TH ST SE,44.978661,-93.231494
1700 50TH ST W,44.9126557,-93.3014778
1700 51ST ST E,44.9108089,-93.2210741
1700 56TH ST W,44.901585,-93.301182
1700 5TH AVE N,44.982729,-93.30216
1700 5TH ST NE,45.005372,-93.260362
1700 5TH ST SE,44.979782,-93.230612
1700 6TH ST NE,45.005363,-93.259031
1700 8TH AVE N,44.9884702,-93.279196
1700 ADAMS ST NE,45.005379,-93.256409
1700 ALDRICH AVE N,44.996011,-93.289381
1700 BROOK AVE SE,44.986507,-93.228426
1700 BRYANT AVE N,44.99643,-93.290929
1700 CHICAGO AVE,44.965041,-93.262659
1700 CLIFTON PL,44.966907,-93.286306
1700 CLINTON AVE,44.9008456,-93.2729029
1700 COLFAX AVE S,44.967303,-93.291911
1700 DINKYTOWN GREENWAY SE,,
1700 DOUGLAS AVE,44.966495,-93.300893
1700 DUPONT AVE N,44.9809493,-93.2930242
1700 DUPONT AVE S,44.9673763,-93.2934368
1700 ELM ST SE,44.984113,-93.228425
1700 EMERSON AVE N,44.996437,-93.293994
1700 EMERSON AVE S,44.9666004,-93.2944675
1700 FREMONT AVE N,44.99644,-93.295535
1700 GIRARD AVE N,44.9811013,-93.297165
1700 GLENWOOD AVE,44.980972,-93.302176
1700 GOLDEN VALLEY RD,44.998827,-93.302092
1700 GROVELAND TERR,44.9685122,-93.2915316
1700 HILLSIDE AVE N,45.0027533,-93.3023817
1700 IRVING AVE N,44.996444,-93.299327
1700 JAMES AVE N,44.9781679,-93.3007209
1700 JAMES AVE S,44.967831,-93.300843
1700 JEFFERSON ST NE,45.005387,-93.255128
1700 KNOX AVE S,44.967833,-93.302094
1700 LAGOON AVE,44.949348,-93.303566
1700 LAKE ST E,44.9486218,-93.2492008
1700 LAKE ST W,44.9486084,-93.3035632
1700 LASALLE AVE,44.96625,-93.279443
1700 LOGAN AVE S,44.967844,-93.303376
1700 LOWRY AVE N,45.013269,-93.300809
1700 LOWRY AVE NE,45.013113,-93.235712
1700 MADISON ST NE,45.005277,-93.253851
1700 MIDTOWN GREENWAY E,44.9523406,-93.2441367
1700 MIDTOWN GREENWAY W,44.9487316,-93.3227503
1700 MONROE ST NE,45.006066,-93.252573
1700 MORGAN AVE N,44.996434,-93.304342
1700 MORGAN AVE S,44.967855,-93.304658
1700 MOUNT CURVE AVE,44.9684364,-93.3009929
1700 NEWTON AVE N,44.996438,-93.305604
1700 NICOLLET AVE,44.966025,-93.277933
1700 OAK PARK AVE N,44.987715,-93.302033
1700 OLIVER AVE N,44.996442,-93.30685
1700 OLIVER AVE S,44.9662758,-93.3074659
1700 PARK AVE,44.996729,-93.2860471
1700 PLYMOUTH AVE N,44.991583,-93.3021
1700 QUEEN AVE N,44.997087,-93.309376
1700 ROLLINS AVE SE,44.9848632,-93.2295371
1700 RUSSELL AVE N,44.997101,-93.310651
1700 SHERIDAN AVE N,44.997114,-93.311937
1700 STEVENS AVE,44.9661396,-93.2756385
1700 SUMMIT AVE,44.965514,-93.300887
1700 TALMAGE AVE SE,,
1700 THOMAS AVE N,44.997127,-93.313219
1700 UNIVERSITY AVE SE,44.9691552,-93.2104315
1700 UPTON AVE N,44.9971611,-93.3143322
1700 WASHINGTON AVE N,44.996471,-93.28145
1700 WASHINGTON ST NE,45.005363,-93.257672
1700 WEST BROADWAY,44.999558,-93.302049
1700 WEST RIVER PKWY,45.0235164,-93.2805298
1701 COMO AVE SE,,
1701 PENN AVE N,44.997076,-93.30832
1705 JOHNSON ST NE,45.0058354,-93.2373582
1710 FREMONT AVE S,44.9670304,-93.29574
1711 LYN PARK AVE N,,
1726 LAKE ST W,44.9483709,-93.3222927
1730 CLIFTON PL,44.9670028,-93.2866404
1737 OLIVER AVE S,44.9660801,-93.3069771
1750 BRYANT AVE S,44.9658918,-93.2906321
1750 COLFAX AVE S,44.966628,-93.2919153
1750 DUPONT AVE S,44.966647,-93.2931858
1750 EMERSON AVE S,44.9660317,-93.2944667
1750 FREMONT AVE S,44.9665586,-93.29574
1750 HUMBOLDT AVE S,44.9666627,-93.298288
1750 IRVING AVE S,44.96671,-93.2995558
1750 JAMES AVE S,44.9667267,-93.3008318
1750 KNOX AVE S,44.9667201,-93.3020888
1800 10TH AVE S,44.965049,-93.259782
1800 11TH AVE S,44.965049,-93.258285
1800 12TH AVE N,44.98979,-93.303382
1800 13TH AVE S,44.965049,-93.256892
1800 14TH AVE N,44.993151,-93.303374
1800 14TH AVE S,44.965041,-93.255519
1800 15TH AVE N,44.994242,-93.303374
1800 16TH AVE N,44.995299,-93.303365
1800 16TH AVE S,44.964675,-93.251914
1800 18TH AVE NE,45.006422,-93.258638
1800 19TH AVE NE,45.0076164,-93.2343622
1800 1ST AVE S,44.965104,-93.276689
1800 1ST ST S,44.975633,-93.246407
1800 2 1/2 ST S,44.9659164,-93.2401246
1800 22ND AVE NE,45.009503,-93.234422
1800 23RD AVE NE,45.011309,-93.234415
1800 24TH ST E,44.9591225,-93.2574813
1800 26TH ST E,44.955542,-93.2524521
1800 27TH AVE N,45.007868,-93.302056
1800 28TH ST E,44.952036,-93.248483
1800 29TH AVE N,45.009674,-93.302067
1800 2ND AVE S,44.965098,-93.274143
1800 2ND ST N,44.997584,-93.279832
1800 30TH AVE N,45.011474,-93.302075
1800 31ST ST E,44.9466749,-93.2773003
1800 31ST ST W,44.946601,-93.2820348
1800 33RD AVE N,45.015095,-93.302087
1800 33RD ST E,44.943018,-93.247224
1800 34TH AVE N,45.016887,-93.30209
1800 35TH ST E,44.93963,-93.248476
1800 36TH AVE N,45.02049,-93.302083
1800 36TH ST E,44.937823,-93.248452
1800 37TH ST E,44.936015,-93.248445
1800 3RD AVE S,44.96506,-93.2731337
1800 3RD ST S,44.971256,-93.247065
1800 41ST ST E,44.9286966,-93.2276334
1800 42ND ST E,44.927022,-93.247147
1800 43RD ST E,44.925215,-93.247148
1800 44TH AVE N,45.035529,-93.302984
1800 46TH ST E,44.919797,-93.248408
1800 47TH ST E,44.91799,-93.24835
1800 48TH ST E,44.9162881,-93.2480515
1800 4TH AVE N,44.981676,-93.303435
1800 4TH ST N,44.997529,-93.284426
1800 4TH ST NE,45.006508,-93.261674
1800 4TH ST SE,44.978123,-93.23012
1800 54TH ST W,44.9052968,-93.3026467
1800 5TH AVE S,44.963831,-93.269105
1800 5TH ST NE,45.006502,-93.260163
1800 5TH ST S,44.969002,-93.246562
1800 6TH ST S,44.96787,-93.247071
1800 7TH AVE N,44.9866146,-93.2777836
1800 7TH ST S,44.966748,-93.247078
1800 8TH AVE N,44.9884702,-93.279196
1800 9TH ST S,44.96417,-93.247085
1800 ADAMS ST NE,45.0061451,-93.2567164
1800 ARTHUR ST NE,45.006086,-93.232156
1800 BENJAMIN ST NE,45.006071,-93.229585
1800 BRYANT AVE N,44.997514,-93.290919
1800 BRYANT AVE S,44.965277,-93.290637
1800 BUCHANAN ST NE,45.006092,-93.239846
1800 CENTRAL AVE NE,45.006052,-93.247482
1800 CHICAGO AVE,44.9645471,-93.262659
1800 CLINTON AVE,44.9649177,-93.2718434
1800 COLFAX AVE S,44.965283,-93.291919
1800 COLUMBUS AVE,44.96511,-93.263956
1800 COMO AVE SE,,
1800 DOUGLAS AVE,44.966502,-93.302144
1800 DUPONT AVE N,44.9809493,-93.2930242
1800 DUPONT AVE S,44.9652648,-93.293394
1800 ELLIOT AVE,44.965043,-93.261157
1800 EM STATELY ST,,
1800 EMERSON AVE N,45.0312743,-93.2944958
1800 FAIRMOUNT ST,,
1800 FILLMORE ST NE,45.0060914,-93.2425531
1800 FRANKLIN AVE W,44.9627513,-93.305952
1800 FREMONT AVE N,44.997525,-93.29553
1800 FREMONT AVE S,44.9652475,-93.2959817
1800 GARFIELD ST NE,45.006088,-93.233423
1800 GIRARD AVE N,44.9811013,-93.297165
1800 GIRARD AVE S,44.9652277,-93.2972725
1800 GLENWOOD AVE,44.9810487,-93.3036842
1800 GRAND ST NE,45.006178,-93.270196
1800 HAYES ST NE,45.0063325,-93.2349263
1800 HILLSIDE AVE N,45.0017866,-93.3015791
1800 HUMBOLDT AVE S,44.9652902,-93.2985375
1800 IRVING AVE N,44.99754,-93.299318
1800 IRVING AVE S,44.9652988,-93.2997845
1800 JAMES AVE N,44.9781679,-93.3007209
1800 JAMES AVE S,44.965308,-93.300829
1800 KNOX AVE S,44.965255,-93.3023331
1800 LAGOON AVE,44.949317,-93.305196
1800 LAKE ST E,44.948453,-93.248506
1800 LAKE ST W,44.9505982,-93.310528
1800 LAUREL AVE W,44.974158,-93.302991
1800 LINCOLN AVE,44.964525,-93.302153
1800 LINCOLN ST NE,45.006098,-93.238579
1800 LOWRY AVE N,45.0134995,-93.3021859
1800 LYNDALE AVE N,44.997506,-93.287871
1800 MARSHALL ST NE,45.006173,-93.271777
1800 MCKINLEY ST NE,45.006586,-93.22831
1800 MIDTOWN GREENWAY E,44.950314,-93.2927436
1800 MINNEHAHA AVE,44.9637989,-93.2455646
1800 MONROE ST NE,45.007047,-93.252565
1800 NEWTON AVE N,44.99754,-93.305599
1800 NICOLLET AVE,44.965106,-93.277933
1800 OAK PARK AVE N,44.987978,-93.303389
1800 OLIVER AVE N,44.9975761,-93.3066875
1800 PARK AVE,44.9650068,-93.2654722
1800 PLYMOUTH AVE N,44.991583,-93.303381
1800 POLK ST NE,45.007042,-93.245697
1800 PORTLAND AVE,44.96498,-93.26777
1800 RIVERSIDE AVE,44.970256,-93.247022
1800 ROLLINS AVE SE,44.9848632,-93.2295371
1800 SKYLINE CV,,
1800 STEVENS AVE,44.9650674,-93.2756648
1800 SUMMIT AVE,44.9656042,-93.3023536
1800 TALMAGE AVE SE,,
1800 TAYLOR ST NE,45.0061144,-93.2442091
1800 UNIVERSITY AVE NE,45.0374593,-93.2627274
1800 UNIVERSITY AVE SE,44.977154,-93.230898
1800 VINCENT AVE N,44.9789588,-93.3159851
1800 WASHINGTON AVE N,44.997554,-93.281472
1800 WASHINGTON AVE S,44.9738253,-93.2464646
1800 WASHINGTON ST NE,45.006648,-93.257129
1800 WINTER ST SE,,
1801 15TH AVE S,44.964637,-93.253844
1801 26TH AVE N,45.0059839,-93.3028631
1808 WEST BROADWAY,45.0000068,-93.3038408
1812 FRANKLIN AVE W,44.9627513,-93.305952
1820 MONROE ST NE,45.0071152,-93.252565
1823 15TH AVE S,44.9638764,-93.253844
1823 38TH ST E,44.9340348,-93.2469097
1823 39TH ST E,44.9322034,-93.2469568
1823 41ST ST E,44.9285553,-93.2482091
1823 42ND ST E,44.9268554,-93.2469453
1824 26TH ST E,44.955542,-93.2524521
1824 28TH ST E,44.952036,-93.247557
1824 31ST ST E,44.9466749,-93.2773003
1824 34TH ST E,44.94142,-93.2470677
1824 35TH ST E,44.93963,-93.2476102
1824 36TH ST E,44.937815,-93.247179
1824 37TH ST E,44.93601,-93.247174
1824 46TH ST E,44.919798,-93.247521
1824 47TH ST E,44.91799,-93.247095
1824 CENTRAL AVE NE,45.0067258,-93.2474718
1824 EAST MINNEHAHA PKWY,44.9161335,-93.2468689
1824 LAKE ST E,44.9484532,-93.2482812
1824 POLK ST NE,45.0066627,-93.245471
1824 WEST BROADWAY,45.0000305,-93.3039045
1825 GIRARD AVE S,44.9644648,-93.2966428
1826 FILLMORE ST NE,45.00682,-93.242387
1826 TAYLOR ST NE,45.0066351,-93.2439321
1827 JACKSON ST NE,45.0062513,-93.2490321
1828 LAKE ST W,44.9484603,-93.304814
1830 1ST ST S,44.9756336,-93.246272
1833 NICOLLET AVE,44.9648487,-93.277701
1840 LYNDALE AVE N,44.997716,-93.287871
1842 LAKE ST E,44.9482862,-93.2463579
1843 31ST ST E,44.9466749,-93.2773003
1844 44TH AVE N,45.0355303,-93.303713
1847 MONROE ST NE,45.0075511,-93.2521661
1848 26TH ST E,44.955625,-93.2458794
1848 41ST ST E,44.9288118,-93.2458163
1850 27TH ST E,44.9538386,-93.2468679
1850 32ND ST E,44.9448401,-93.2458488
1850 36TH ST E,44.937815,-93.2457887
1850 46TH ST E,44.9197558,-93.2467818
1890 FILLMORE ST NE,45.0078599,-93.24238
1900 1 1/2 AVE N,44.978597,-93.304695
1900 11TH AVE S,44.9636958,-93.2585633
1900 12TH AVE N,44.989793,-93.304648
1900 13TH AVE S,44.963817,-93.256907
1900 14TH AVE N,44.993148,-93.304624
1900 14TH AVE S,44.963817,-93.255534
1900 15TH AVE N,44.994238,-93.304625
1900 18TH AVE N,44.997499,-93.304625
1900 18TH AVE NE,45.005882,-93.233133
1900 1ST AVE S,44.9638452,-93.27673
1900 1ST ST S,44.975639,-93.245321
1900 21ST ST W,44.961842,-93.30511
1900 22ND ST E,44.961028,-93.244746
1900 23RD AVE NE,45.011309,-93.233118
1900 24TH AVE N,45.004368,-93.304592
1900 24TH ST E,44.959226,-93.244535
1900 29TH AVE N,45.009685,-93.30335
1900 2ND AVE N,44.979054,-93.304687
1900 2ND AVE S,44.963839,-93.274138
1900 2ND ST NE,45.007595,-93.266241
1900 2ND ST S,44.9824295,-93.2665715
1900 30 1/2 ST E,44.9475408,-93.2436105
1900 30TH AVE N,45.011482,-93.30335
1900 31ST ST E,44.94665,-93.244699
1900 33RD ST E,44.94302,-93.244667
1900 35TH ST E,44.939629,-93.24465
1900 36TH AVE N,45.0205,-93.303365
1900 38TH ST E,44.9343006,-93.2446183
1900 3RD AVE N,44.9799993,-93.3047378
1900 3RD AVE S,44.963837,-93.272899
1900 3RD ST NE,45.0078348,-93.2650032
1900 40TH ST E,44.9309882,-93.2443952
1900 41ST ST E,44.928808,-93.244611
1900 43RD AVE N,45.033453,-93.303231
1900 44TH AVE N,45.035529,-93.304243
1900 49TH AVE N,45.044008,-93.304404
1900 4TH AVE N,44.981673,-93.30471
1900 4TH ST NE,45.007595,-93.261672
1900 4TH ST S,44.970102,-93.245492
1900 56TH ST W,44.901595,-93.303739
1900 5TH AVE N,44.982731,-93.304701
1900 5TH AVE S,44.9633179,-93.2691015
1900 5TH ST N,44.98269,-93.2768163
1900 5TH ST S,44.968986,-93.245478
1900 6TH ST NE,45.007593,-93.258635
1900 6TH ST S,44.967857,-93.245452
1900 7TH ST S,44.966737,-93.245545
1900 8TH ST S,44.965486,-93.245217
1900 9TH ST S,44.9744135,-93.272527
1900 ALDRICH AVE N,45.0185244,-93.2893042
1900 ALDRICH AVE S,44.96371,-93.289483
1900 BRYANT AVE N,44.9983561,-93.2909103
1900 BRYANT AVE S,44.963601,-93.288343
1900 BUCHANAN ST NE,45.00789,-93.239835
1900 CEDAR LAKE PKWY,44.965259,-93.32444
1900 CENTRAL AVE NE,45.00802,-93.247452
1900 CHICAGO AVE,44.963817,-93.26266
1900 CLINTON AVE,44.963837,-93.271574
1900 COLFAX AVE S,44.9642726,-93.2921537
1900 COMO AVE SE,,
1900 DOUGLAS AVE,44.966505,-93.303427
1900 DUPONT AVE S,44.9642768,-93.2934569
1900 EAST RIVER TERR,44.960376,-93.2124029
1900 ELLIOT AVE,44.963819,-93.261168
1900 EMERSON AVE N,44.9982381,-93.2939784
1900 EMERSON AVE S,44.9642798,-93.2946951
1900 EWING AVE S,44.964803,-93.327122
1900 FAIRMOUNT ST,,
1900 FILLMORE ST NE,45.008051,-93.242378
1900 FRANKLIN AVE SE,44.9643209,-93.2126096
1900 FREMONT AVE N,44.99828,-93.2955205
1900 FREMONT AVE S,44.9640007,-93.2959466
1900 GARFIELD ST NE,45.007898,-93.233422
1900 GIRARD AVE N,44.9811013,-93.297165
1900 GLENWOOD AVE,44.980872,-93.30472
1900 GOLDEN VALLEY RD,44.998834,-93.304616
1900 HAYES ST NE,45.007944,-93.2348817
1900 HUMBOLDT AVE S,44.9643208,-93.2985184
1900 IRVING AVE N,44.998852,-93.299273
1900 IRVING AVE S,44.9643032,-93.2998258
1900 JACKSON ST NE,45.008028,-93.249244
1900 JAMES AVE S,44.964312,-93.3011432
1900 JOHNSON ST NE,45.007902,-93.237283
1900 KENWOOD PKWY,44.9655528,-93.3093522
1900 KNOX AVE N,44.9824849,-93.301986
1900 KNOX AVE S,44.9642562,-93.3023538
1900 LAKE ST E,44.948454,-93.244707
1900 LAKE ST W,44.9505982,-93.310528
1900 LASALLE AVE,44.9639338,-93.2797537
1900 LINCOLN ST NE,45.007896,-93.238561
1900 LOGAN AVE S,44.9647676,-93.303362
1900 LOWRY AVE N,45.013287,-93.303358
1900 LYNDALE AVE N,44.9982958,-93.287871
1900 MIDTOWN GREENWAY E,44.9523406,-93.2441367
1900 MINNEHAHA AVE,44.9636787,-93.2454323
1900 NEWTON AVE N,44.982422,-93.3058342
1900 OAK PARK AVE N,44.987974,-93.304663
1900 OLIVER AVE N,44.982708,-93.3070507
1900 PARK AVE,44.963847,-93.26523
1900 PENN AVE N,44.9825103,-93.3083141
1900 PENN AVE S,44.964866,-93.309068
1900 PILLSBURY AVE,44.9641211,-93.2810817
1900 PLEASANT AVE,44.963643,-93.283442
1900 PLYMOUTH AVE N,44.991583,-93.304633
1900 POLK ST NE,45.0080908,-93.2459343
1900 PORTLAND AVE,44.963832,-93.26777
1900 QUEEN AVE N,44.9823724,-93.3097145
1900 QUINCY ST NE,45.008031,-93.251024
1900 RIVERSIDE AVE,44.969582,-93.245454
1900 RUSSELL AVE N,44.9823696,-93.311096
1900 STEVENS AVE,44.9638149,-93.2756449
1900 TALMAGE AVE SE,,
1900 TAYLOR ST NE,45.008042,-93.243909
1900 THOMAS AVE N,44.980124,-93.3130666
1900 TRAFFIC ST NE,,
1900 ULYSSES ST NE,45.007909,-93.235998
1900 UNIVERSITY AVE NE,45.0374593,-93.2627274
1900 UNIVERSITY AVE SE,44.976391,-93.229006
1900 UPTON AVE N,44.9990219,-93.3142757
1900 WASHINGTON AVE S,44.9819008,-93.2686217
1900 WASHINGTON ST NE,45.007597,-93.257088
1900 WILLOW AVE N,,
1901 15TH AVE S,44.96363,-93.253844
1901 16TH AVE N,44.995138,-93.304641
1901 26TH AVE N,45.0059839,-93.3028631
1901 GIRARD AVE S,44.964006,-93.296778
1901 MONROE ST NE,45.008035,-93.252333
1901 NICOLLET AVE,44.9637405,-93.2774594
1908 WEST BROADWAY,45.0003511,-93.3046232
1917 PILLSBURY AVE,44.9640556,-93.280898
1920 28TH ST E,44.9520409,-93.2453541
1922 MINNEHAHA AVE,44.9636523,-93.2454031
1923 24TH ST E,44.9590627,-93.2439764
1926 MINNEHAHA AVE,44.9636475,-93.2453978
1930 FRANKLIN AVE E,44.9627872,-93.2448975
1932 EWING AVE S,44.9643881,-93.3272175
1936 SHERIDAN AVE S,44.964272,-93.3113559
1937 KENWOOD PKWY,44.9642051,-93.3100124
1941 FILLMORE ST NE,45.008787,-93.242135
1957 KENWOOD PKWY,44.9636782,-93.3103594
1960 PENN AVE S,44.963244,-93.308424
2 EMERALD ST,44.9663,-93.207849
2 WENTWORTH CT W,44.8916816,-93.2809932
20 10TH ST S,44.9752525,-93.2775019
20 13TH ST S,44.9731498,-93.2807081
20 39TH ST W,44.9324,-93.278666
20 LOWRY AVE NE,45.0132114,-93.2320264
20 MAPLE PL,44.989369,-93.2657799
20 SAINT MARYS AVE,44.9706871,-93.2187132
20 UNIVERSITY AVE SE,44.9691552,-93.2104315
200 10TH AVE N,44.99108,-93.279624
200 10TH AVE S,44.97688,-93.253865
200 10TH ST N,44.9762618,-93.2783208
200 10TH ST S,44.972803,-93.271741
200 11TH AVE S,44.976302,-93.252504
200 11TH AVE SE,44.980287,-93.241778
200 11TH ST S,44.97183,-93.272542
200 12TH AVE N,44.990983,-93.281105
200 12TH AVE NE,44.999735,-93.265977
200 12TH AVE S,44.975723,-93.251139
200 12TH ST S,44.970884,-93.273337
200 13TH AVE NE,45.000825,-93.265962
200 14TH AVE N,44.993176,-93.280019
200 14TH AVE NE,45.0019772,-93.2685935
200 14TH ST W,44.968895,-93.281003
200 15TH AVE N,44.994271,-93.280044
200 15TH AVE NE,45.00302,-93.265939
200 15TH AVE S,44.9724531,-93.2481126
200 15TH ST W,44.968003,-93.2839654
200 16TH AVE N,44.9952316,-93.3075449
200 16TH AVE NE,45.004118,-93.265939
200 17TH AVE N,44.996445,-93.280091
200 17TH AVE NE,45.005216,-93.265939
200 17TH ST E,44.966359,-93.273858
200 18TH ST E,44.965304,-93.273854
200 19TH AVE N,44.998222,-93.2794701
200 19TH AVE NE,45.00739,-93.26595
200 19TH AVE S,44.965494,-93.245629
200 19TH ST E,44.963755,-93.2528072
200 1ST AVE N,44.9775646,-93.277382
200 1ST AVE NE,44.988492,-93.25833
200 1ST ST N,44.985617,-93.2690425
200 1ST ST S,44.982582,-93.263623
200 21ST AVE N,45.000326,-93.280379
200 21ST AVE S,44.974136,-93.242582
200 22ND AVE N,45.001586,-93.280383
200 22ND AVE NE,45.010025,-93.265948
200 22ND AVE S,44.9305189,-93.2410029
200 22ND ST E,44.960978,-93.273843
200 22ND ST W,44.9608483,-93.3139294
200 23RD AVE N,45.0025856,-93.2911714
200 24TH AVE N,45.00377,-93.28038
200 24TH AVE NE,45.012083,-93.265947
200 24TH ST W,44.9591558,-93.3115983
200 25TH AVE SE,44.9756645,-93.2190163
200 25TH ST E,44.957408,-93.275156
200 25TH ST W,44.9573952,-93.328806
200 26 1/2 AVE NE,45.0069363,-93.2447474
200 26TH AVE SE,44.971955,-93.22058
200 26TH ST E,44.9557185,-93.2737808
200 26TH ST W,44.955619,-93.281492
200 27TH AVE SE,44.971411,-93.219208
200 27TH ST E,44.953815,-93.273898
200 27TH ST W,44.953817,-93.281493
200 28TH ST W,44.9519712,-93.314068
200 29TH AVE N,45.009611,-93.280539
200 29TH ST W,44.951198,-93.3175868
200 2ND AVE N,44.9839774,-93.2713254
200 2ND AVE S,44.9742972,-93.2707619
200 2ND AVE SE,44.985346,-93.253953
200 2ND ST N,45.007215,-93.280428
200 2ND ST S,44.981591,-93.26445
200 2ND ST SE,44.9831329,-93.2477699
200 31ST ST E,44.9466749,-93.2773003
200 31ST ST W,44.94668,-93.281542
200 32ND ST E,44.945051,-93.273935
200 32ND ST W,44.9450445,-93.3255344
200 33RD ST E,44.943245,-93.273914
200 33RD ST W,44.943023,-93.281553
200 34TH ST E,44.94144,-93.273875
200 34TH ST W,44.9413245,-93.2956745
200 35TH AVE NE,45.031838,-93.266244
200 35TH ST E,44.939627,-93.273917
200 35TH ST W,44.939611,-93.281577
200 36TH ST E,44.937827,-93.273917
200 36TH ST W,44.937807,-93.281577
200 37TH AVE NE,45.03546,-93.266214
200 37TH ST E,44.9359266,-93.246667
200 37TH ST W,44.935987,-93.281584
200 38TH ST E,44.934212,-93.273845
200 38TH ST W,44.9340979,-93.284034
200 3RD AVE N,44.985324,-93.271548
200 3RD AVE NE,44.990512,-93.259708
200 3RD AVE S,44.979932,-93.26426
200 3RD AVE SE,44.984777,-93.252562
200 3RD ST S,44.979605,-93.266059
200 40TH ST W,44.9304776,-93.2840329
200 41ST ST E,44.928794,-93.273844
200 41ST ST W,44.928745,-93.281985
200 42ND ST E,44.926979,-93.273853
200 44TH ST W,44.923303,-93.282012
200 46TH ST E,44.91975,-93.273929
200 47TH ST E,44.917949,-93.273951
200 4TH AVE N,44.9816589,-93.2909111
200 4TH AVE NE,44.991775,-93.260573
200 4TH ST S,44.978629,-93.266866
200 4TH ST SE,44.987097,-93.252525
200 5TH AVE N,44.986912,-93.27378
200 5TH AVE NE,44.993088,-93.261466
200 5TH AVE S,44.9783875,-93.2618603
200 5TH AVE SE,44.983579,-93.249629
200 5TH ST N,44.9861264,-93.2817184
200 5TH ST S,44.9775779,-93.2667582
200 5TH ST SE,44.988078,-93.251747
200 61ST ST W,44.892424,-93.282126
200 6TH AVE N,44.98687,-93.276076
200 6TH AVE NE,44.993868,-93.261997
200 6TH AVE SE,44.983011,-93.248252
200 6TH ST N,44.9800927,-93.2753389
200 6TH ST NE,44.991935,-93.253876
200 6TH ST S,44.976693,-93.268491
200 6TH ST SE,44.989052,-93.250985
200 7TH AVE NE,44.995195,-93.262877
200 7TH AVE SE,44.982436,-93.246854
200 7TH ST N,44.98065,-93.278343
200 7TH ST S,44.975731,-93.269305
200 7TH ST SE,44.9844045,-93.2358443
200 8TH AVE NE,44.996166,-93.263541
200 8TH AVE SE,44.981881,-93.245459
200 8TH ST S,44.974756,-93.270131
200 8TH ST SE,44.991025,-93.249443
200 9TH AVE N,44.988941,-93.280842
200 9TH AVE NE,44.9955533,-93.2690535
200 9TH AVE S,44.977496,-93.255292
200 9TH ST S,44.973779,-93.270963
200 ALDRICH AVE N,44.97909,-93.28941
200 BANK ST,44.9867813,-93.2564523
200 BORDER AVE N,44.980892,-93.2853223
200 BROADWAY ST NE,44.998621,-93.264444
200 BRYANT AVE N,44.980009,-93.290731
200 CEDAR AVE S,44.972762,-93.247347
200 CEDAR LAKE RD S,44.975192,-93.305827
200 CENTRAL AVE SE,44.98591,-93.255475
200 CHICAGO AVE,44.977044,-93.257429
200 CLIFTON AVE,44.9654182,-93.282515
200 DELAWARE ST SE,44.9706388,-93.2180529
200 DIAMOND LAKE RD E,,
200 EAST RIVER PKWY,44.9750565,-93.2380075
200 EMERALD ST,44.962684,-93.207872
200 FRANKLIN AVE E,44.962775,-93.273844
200 FREMONT AVE N,44.979111,-93.295428
200 GIRARD AVE N,44.979125,-93.29705
200 GRANT ST W,44.96997,-93.281003
200 HARVARD ST SE,44.9752683,-93.2306279
200 HENNEPIN AVE,44.982933,-93.268156
200 HENNEPIN AVE E,44.9642386,-93.2897492
200 HUMBOLDT AVE N,44.97812,-93.298071
200 IRVING AVE N,44.978131,-93.29933
200 JAMES AVE N,44.978135,-93.300603
200 LAKE ST E,44.948439,-93.273943
200 LAKE ST W,44.9505982,-93.310528
200 LOWRY AVE N,45.0130808,-93.279805
200 LOWRY AVE NE,45.013075,-93.265939
200 MALCOLM AVE SE,44.9720252,-93.2096575
200 MELBOURNE AVE SE,44.965467,-93.2119676
200 MIDTOWN GREENWAY E,44.9523406,-93.2441367
200 MIDTOWN GREENWAY W,44.9487316,-93.3227503
200 MORGAN AVE S,44.9755,-93.304705
200 NEWTON AVE N,44.982422,-93.3058342
200 OAK GROVE ST,44.966505,-93.280984
200 OAK ST SE,44.9752191,-93.227875
200 OLIVER AVE S,44.975209,-93.3073917
200 ONTARIO ST SE,44.9744919,-93.2262199
200 PARK AVE,44.9783589,-93.2584703
200 PENN AVE N,44.979066,-93.308217
200 PENN AVE S,44.9752124,-93.3086742
200 PILLSBURY DR SE,44.977621,-93.235875
200 PLYMOUTH AVE N,44.992063,-93.281603
200 PORTLAND AVE,44.979202,-93.259328
200 QUEEN AVE S,44.9752285,-93.3099596
200 RIDGEWOOD AVE,44.963851,-93.281019
200 RUSSELL AVE S,44.975237,-93.311014
200 SAINT ANTHONY PKWY,45.027521,-93.266275
200 SHERIDAN AVE S,44.9752539,-93.3124644
200 THOMAS AVE S,44.9751918,-93.3138394
200 UNION ST SE,44.9747718,-93.2326141
200 UNIVERSITY AVE SE,44.9691552,-93.2104315
200 VINCENT AVE N,44.977284,-93.31587
200 WALNUT ST,45.0058011,-93.2102826
200 WASHBURN AVE N,44.977284,-93.317151
200 WASHINGTON AVE N,45.02038,-93.281829
200 WEST BROADWAY,44.999203,-93.280372
2000 10TH AVE S,44.962594,-93.259786
2000 11TH AVE S,44.9626,-93.258295
2000 12TH AVE S,44.8970394,-93.2578186
2000 13TH AVE S,44.9548022,-93.2562559
2000 14TH AVE N,44.993155,-93.305876
2000 14TH AVE S,44.962604,-93.254961
2000 15TH AVE S,44.8933599,-93.2541147
2000 16TH AVE N,44.995302,-93.305884
2000 16TH AVE S,44.962623,-93.251215
2000 17TH AVE S,44.9109563,-93.2498806
2000 18TH AVE N,44.997499,-93.30589
2000 1ST AVE S,44.9683601,-93.2764623
2000 1ST ST S,44.975644,-93.243877
2000 20TH AVE S,44.962623,-93.244213
2000 21ST AVE N,45.000145,-93.305753
2000 21ST AVE S,44.962623,-93.242633
2000 21ST ST W,44.9619685,-93.306458
2000 22ND AVE NE,45.0093595,-93.2318051
2000 22ND AVE S,44.962624,-93.24103
2000 23RD AVE N,45.0025856,-93.2911714
2000 24TH AVE S,44.962626,-93.237863
2000 24TH ST E,44.959228,-93.243528
2000 25TH AVE S,44.962628,-93.236286
2000 26TH AVE S,44.962223,-93.234696
2000 27TH AVE N,45.007818,-93.3064496
2000 27TH AVE S,44.962163,-93.233122
2000 28TH AVE NE,45.018564,-93.231824
2000 28TH AVE S,44.962169,-93.231529
2000 28TH ST E,44.951878,-93.2440736
2000 29TH AVE S,44.962173,-93.229936
2000 29TH ST E,44.950288,-93.243409
2000 2ND AVE S,44.962569,-93.274133
2000 2ND ST N,44.999244,-93.280084
2000 2ND ST NE,45.0077589,-93.266911
2000 30TH AVE N,45.0113609,-93.2974715
2000 31ST AVE S,44.962183,-93.227
2000 32ND ST E,44.944842,-93.243426
2000 33RD ST E,44.943021,-93.243405
2000 34TH AVE N,45.0166902,-93.2845889
2000 34TH ST E,44.941423,-93.243402
2000 36TH AVE N,45.0203304,-93.2908143
2000 36TH ST E,44.937815,-93.243387
2000 37TH AVE N,45.0221447,-93.2915809
2000 3RD AVE N,44.979872,-93.306479
2000 3RD AVE S,44.962572,-93.272877
2000 3RD ST NE,45.0087307,-93.264931
2000 42ND AVE N,45.03138,-93.304815
2000 46TH AVE N,45.0385136,-93.3087803
2000 4TH AVE N,44.98167,-93.305992
2000 4TH ST N,44.999261,-93.284841
2000 4TH ST NE,45.008684,-93.261669
2000 4TH ST S,44.970093,-93.243888
2000 4TH ST SE,44.9773871,-93.2282353
2000 52ND AVE N,45.049458,-93.305699
2000 57TH ST W,44.899814,-93.305036
2000 5TH AVE S,44.962568,-93.269096
2000 5TH ST NE,45.008682,-93.260157
2000 5TH ST S,44.978224,-93.2693092
2000 60TH ST W,44.894401,-93.305036
2000 6TH ST NE,45.0087322,-93.2588232
2000 6TH ST S,44.967845,-93.243903
2000 6TH ST SE,44.9834725,-93.2367522
2000 7TH AVE N,44.9866146,-93.2777836
2000 7TH ST S,44.966725,-93.24391
2000 8TH ST S,44.965338,-93.243909
2000 9TH ST S,44.964101,-93.243882
2000 ALDRICH AVE S,44.9625448,-93.2896085
2000 BLAISDELL AVE,44.9626,-93.27957
2000 BLOOMINGTON AVE,44.962623,-93.252473
2000 BROADWAY ST NE,44.998621,-93.231874
2000 BRYANT AVE S,44.962585,-93.290652
2000 CENTRAL AVE NE,45.009016,-93.247444
2000 CHICAGO AVE,44.962585,-93.262666
2000 CLINTON AVE,44.962569,-93.271586
2000 COLFAX AVE S,44.9005472,-93.2921213
2000 COMO AVE SE,,
2000 DERBY AVE,,
2000 DINKYTOWN GREENWAY S,,
2000 DOUGLAS AVE,44.966506,-93.3047
2000 DREW AVE S,44.9627705,-93.3262591
2000 DUPONT AVE N,44.9809493,-93.2930242
2000 DUPONT AVE S,44.9625699,-93.2933205
2000 EAST LAKE OF THE ISLES PKWY,44.962563,-93.303214
2000 ELLIOT AVE,44.9622866,-93.2614246
2000 EMERSON AVE S,44.9625686,-93.2946913
2000 EWING AVE S,44.962963,-93.327325
2000 FAIRMOUNT ST,,
2000 FRANKLIN AVE E,44.9630507,-93.2436389
2000 FREMONT AVE S,44.9625511,-93.295964
2000 GARFIELD AVE,44.962581,-93.286882
2000 GIRARD AVE N,44.9811013,-93.297165
2000 GIRARD AVE S,44.9625611,-93.2972813
2000 GLENWOOD AVE,44.9809565,-93.3060585
2000 GOLDEN VALLEY RD,44.998839,-93.305883
2000 GRAND AVE S,44.9625384,-93.2844711
2000 HARRIET AVE,44.962578,-93.285615
2000 HENNEPIN AVE E,44.9642386,-93.2897492
2000 HUMBOLDT AVE S,44.9625051,-93.2985781
2000 IRVING AVE N,44.9833756,-93.2994296
2000 IRVING AVE S,44.962607,-93.299592
2000 JACKSON ST NE,45.009019,-93.249231
2000 JAMES AVE N,44.9781679,-93.3007209
2000 JAMES AVE S,44.962604,-93.301272
2000 LAKE ST E,44.948454,-93.24344
2000 LOWRY AVE NE,45.01312,-93.231836
2000 LYNDALE AVE S,44.9622222,-93.2884222
2000 MILWAUKEE AVE,44.962625,-93.240044
2000 MINNEHAHA AVE,44.962599,-93.244438
2000 MONROE ST NE,45.00902,-93.252563
2000 NICOLLET AVE,44.962573,-93.277934
2000 OAK PARK AVE N,44.987974,-93.305914
2000 OAKLAND AVE,44.962572,-93.266541
2000 PARK AVE,44.9625481,-93.2654554
2000 PILLSBURY AVE,44.962581,-93.281404
2000 PLEASANT AVE,44.962581,-93.283098
2000 PLYMOUTH AVE N,44.991583,-93.305876
2000 POLK ST NE,45.009025,-93.245673
2000 PORTLAND AVE,44.9622673,-93.2680134
2000 QUINCY ST NE,45.00902,-93.251023
2000 RIVERSIDE AVE,44.968899,-93.243862
2000 SEABURY AVE,44.9623584,-93.2260015
2000 SHARON AVE SE,,
2000 STEVENS AVE,44.962573,-93.275401
2000 SUMMER ST NE,44.997045,-93.231893
2000 TALMAGE AVE SE,,
2000 TAYLOR ST NE,45.00903,-93.243892
2000 THOMAS AVE S,44.962688,-93.314283
2000 TRAFFIC ST NE,,
2000 U OF M TRANSITWAY,,
2000 UNIVERSITY AVE NE,45.0374593,-93.2627274
2000 UNIVERSITY AVE SE,44.975392,-93.226528
2000 UPTON AVE S,44.963152,-93.315606
2000 WASHINGTON ST NE,45.00869,-93.257134
2000 WEST LAKE OF THE ISLES PKWY,44.96277,-93.305052
2000 WEST RIVER PKWY S,,
2001 26TH AVE N,45.0059839,-93.3028631
201 FRANKLIN AVE W,44.9627513,-93.305952
2010 GLENWOOD AVE,44.980841,-93.306474
2010 LOWRY AVE N,45.0131989,-93.3006568
2012 26TH AVE S,44.9622563,-93.2350813
2012 27TH AVE S,44.9620986,-93.2331226
2016 25TH AVE N,45.0052111,-93.30657
2016 SHERIDAN AVE S,44.96266,-93.312967
2025 WEST BROADWAY,45.0116963,-93.3173042
204 40TH ST W,44.9304776,-93.2840329
206 CEDAR LAKE RD N,44.9792986,-93.3004889
2100 10TH AVE S,44.9616922,-93.259917
2100 11TH AVE S,44.961706,-93.258294
2100 12TH AVE N,44.989799,-93.307158
2100 12TH AVE S,44.961683,-93.257508
2100 13TH AVE S,44.961683,-93.256279
2100 14TH AVE N,44.993156,-93.307126
2100 14TH AVE S,44.9616776,-93.2551074
2100 15TH AVE N,44.994239,-93.307134
2100 15TH AVE S,44.961689,-93.253635
2100 16TH AVE N,44.995307,-93.307149
2100 17TH AVE N,44.996402,-93.30714
2100 18TH AVE NE,45.005872,-93.230578
2100 21ST AVE N,45.000657,-93.307113
2100 21ST ST W,44.9620866,-93.3072298
2100 22ND ST E,44.961035,-93.242357
2100 26TH AVE N,45.0059839,-93.3028631
2100 27TH AVE N,45.007818,-93.3064496
2100 29TH AVE N,45.009698,-93.305867
2100 2ND AVE N,44.979032,-93.307243
2100 2ND ST N,45.000368,-93.280089
2100 30TH AVE N,45.0113609,-93.2974715
2100 32ND ST E,44.944845,-93.242151
2100 33RD AVE N,45.015123,-93.305898
2100 33RD AVE NE,45.027625,-93.230538
2100 34TH AVE N,45.0166902,-93.2845889
2100 35TH AVE N,45.0186005,-93.3009645
2100 36TH AVE N,45.0203304,-93.2908143
2100 42ND AVE N,45.03139,-93.306104
2100 42ND ST E,44.927003,-93.242075
2100 4TH AVE N,44.9817649,-93.3072639
2100 4TH ST N,45.000367,-93.28483
2100 4TH ST S,44.970075,-93.242316
2100 52ND AVE N,45.049472,-93.306966
2100 52ND ST W,44.908813,-93.306287
2100 53RD ST W,44.9071599,-93.3061892
2100 56TH ST E,44.9018919,-93.24251
2100 56TH ST W,44.901607,-93.30628
2100 58TH ST E,44.898071,-93.242358
2100 5TH ST S,44.9794112,-93.2718168
2100 6TH ST N,45.000367,-93.286352
2100 6TH ST S,44.9683979,-93.2491597
2100 6TH ST SE,44.9834725,-93.2367522
2100 7TH AVE N,44.9866146,-93.2777836
2100 7TH ST S,44.966714,-93.24231
2100 8TH AVE N,44.9884702,-93.279196
2100 9TH ST S,44.964096,-93.242328
2100 ALDRICH AVE N,45.000361,-93.289399
2100 BLOOMINGTON AVE,44.9614876,-93.2532823
2100 BROADWAY ST NE,44.99862,-93.230676
2100 BRYANT AVE N,44.9822005,-93.2908521
2100 CALIFORNIA ST NE,45.009168,-93.268961
2100 CHICAGO AVE,44.961696,-93.262667
2100 COLFAX AVE S,44.962047,-93.291934
2100 COMO AVE SE,,
2100 DOWLING AVE N,45.0241635,-93.3073831
2100 DREW AVE S,44.961794,-93.3267784
2100 EAST RIVER TERR,44.956881,-93.210006
2100 ELLIOT AVE,44.9616891,-93.2614029
2100 EMERSON AVE N,45.0005108,-93.2938346
2100 FAIRMOUNT ST,,
2100 FRANKLIN AVE E,44.962828,-93.242342
2100 GIRARD AVE N,44.9811013,-93.297165
2100 GOLDEN VALLEY RD,44.998843,-93.307111
2100 HENNEPIN AVE,44.9768057,-93.2764437
2100 HENNEPIN AVE E,44.9642386,-93.2897492
2100 ILION AVE N,45.001031,-93.302886
2100 KENNEDY ST NE,44.9951535,-93.2209258
2100 LAKE ST E,44.9498226,-93.2411327
2100 LOWRY AVE N,45.0131989,-93.3006568
2100 LYNDALE AVE N,45.000368,-93.287874
2100 MADISON ST NE,45.0362437,-93.2538403
2100 MINNEAPOLIS AVE,44.9615473,-93.2266394
2100 NEWTON AVE S,44.961617,-93.30631
2100 OAK PARK AVE N,44.987974,-93.307173
2100 OLIVER AVE N,44.982708,-93.3070507
2100 OLIVER AVE S,44.9616231,-93.3074378
2100 PENN AVE N,44.9825103,-93.3083141
2100 PENN AVE S,44.961505,-93.308488
2100 PLYMOUTH AVE N,44.991584,-93.307134
2100 QUEEN AVE N,44.9823724,-93.3097145
2100 RIVERSIDE AVE,44.968216,-93.242269
2100 RUSSELL AVE N,44.9823696,-93.311096
2100 SHERIDAN AVE N,44.9833538,-93.3121404
2100 SUMMER ST NE,44.997061,-93.230684
2100 TALMAGE AVE SE,,
2100 UPTON AVE N,45.000738,-93.314483
2100 VINCENT AVE N,44.9789588,-93.3159851
2100 WEST RIVER RD N,45.0005143,-93.2768109
2102 FRANKLIN AVE W,44.9627513,-93.305952
2106 ILION AVE N,45.0010571,-93.3028498
2108 MINNEHAHA AVE,44.9620536,-93.2440707
2110 FRANKLIN AVE SE,44.9645077,-93.2099894
2112 EAST RIVER TERR,44.9567758,-93.2098608
2114 JAMES AVE N,44.9781679,-93.3007209
2120 FILLMORE ST NE,45.0097033,-93.242357
2124 27TH AVE N,45.007818,-93.3064496
2124 29TH AVE N,45.009705,-93.307134
2124 30TH AVE N,45.0113609,-93.2974715
2124 33RD AVE N,45.015132,-93.307157
2124 34TH AVE N,45.0166902,-93.2845889
2124 35TH AVE N,45.0186005,-93.3009645
2124 36TH AVE N,45.0203304,-93.2908143
2124 37TH ST E,44.9360092,-93.2418778
2124 LOWRY AVE N,45.0130808,-93.279805
2126 42ND AVE N,45.031398,-93.307372
2126 43RD AVE N,45.0333873,-93.3072751
2126 HAWTHORNE AVE W,44.9754294,-93.306223
2166 44TH AVE N,45.035456,-93.3133984
22 11TH ST S,44.9739428,-93.2781765
22 ISLAND AVE W,44.9873418,-93.2649518
220 COLFAX AVE N,44.9791224,-93.2913642
220 ISLAND AVE E,44.9884344,-93.2622339
220 MORGAN AVE N,44.9783572,-93.304404
220 THOMAS AVE N,44.979918,-93.312779
2200 10TH AVE S,44.9607766,-93.2598996
2200 11TH AVE S,44.960806,-93.258286
2200 12TH AVE N,44.989798,-93.308412
2200 12TH AVE S,44.960788,-93.257494
2200 13TH AVE S,44.960791,-93.256264
2200 14TH AVE N,44.993404,-93.308393
2200 14TH AVE S,44.960795,-93.254961
2200 15TH AVE S,44.960794,-93.253647
2200 16TH AVE S,44.960799,-93.251222
2200 17TH AVE S,44.960806,-93.249955
2200 18TH AVE NE,45.005864,-93.229296
2200 18TH AVE S,44.959209,-93.248689
2200 1ST AVE S,44.9683601,-93.2764623
2200 21ST AVE S,44.96083,-93.242647
2200 21ST ST W,44.961712,-93.308544
2200 22ND AVE S,44.9305189,-93.2410029
2200 22ND ST E,44.9611399,-93.2406134
2200 23RD AVE N,45.0025856,-93.2911714
2200 23RD AVE NE,45.011309,-93.229269
2200 23RD AVE S,44.9608108,-93.2396327
2200 24TH AVE S,44.9607805,-93.238031
2200 24TH ST E,44.9593242,-93.2407085
2200 25TH ST E,44.9578291,-93.2405845
2200 26TH AVE S,44.96085,-93.234714
2200 27TH AVE N,45.007818,-93.3064496
2200 27TH AVE NE,45.016832,-93.2369539
2200 27TH AVE S,44.9607817,-93.2333584
2200 28TH AVE S,44.9607024,-93.2316841
2200 29TH AVE N,45.009715,-93.308393
2200 29TH AVE S,44.960859,-93.229952
2200 2ND ST NE,45.010232,-93.266237
2200 30TH AVE N,45.0114589,-93.3178571
2200 31ST ST E,44.946647,-93.240455
2200 33RD AVE N,45.015138,-93.308418
2200 34TH AVE N,45.0166902,-93.2845889
2200 35TH AVE N,45.0186005,-93.3009645
2200 35TH ST E,44.939628,-93.240396
2200 36TH AVE N,45.0203304,-93.2908143
2200 38TH ST E,44.934198,-93.240854
2200 3RD AVE S,44.960773,-93.272867
2200 3RD ST NE,45.010221,-93.264719
2200 40TH AVE N,45.0275761,-93.289992
2200 40TH ST E,44.930594,-93.240823
2200 42ND AVE N,45.031401,-93.308653
2200 42ND ST E,44.927,-93.240816
2200 49TH AVE N,45.044021,-93.309409
2200 4TH ST N,45.001617,-93.284818
2200 4TH ST NE,45.010125,-93.261667
2200 50TH ST W,44.91244,-93.307599
2200 51ST AVE N,45.0475315,-93.295009
2200 5TH AVE N,44.982734,-93.308477
2200 5TH AVE S,44.960765,-93.269084
2200 5TH ST NE,45.010121,-93.260477
2200 61ST ST W,44.892624,-93.307576
2200 6TH ST N,45.001614,-93.286342
2200 6TH ST NE,45.010122,-93.25927
2200 6TH ST SE,44.9834725,-93.2367522
2200 7 1/2 ST S,44.9659164,-93.2401246
2200 7TH ST NE,45.010119,-93.25808
2200 7TH ST S,44.9754582,-93.2688411
2200 7TH ST SE,44.9844045,-93.2358443
2200 8TH AVE N,44.9884702,-93.279196
2200 9TH ST S,44.964053,-93.240739
2200 ALDRICH AVE N,45.001611,-93.289402
2200 ALDRICH AVE S,44.9607149,-93.2896004
2200 ARTHUR ST NE,45.009707,-93.23214
2200 BENJAMIN ST NE,45.009703,-93.229577
2200 BLAISDELL AVE,44.960787,-93.279716
2200 BLOOMINGTON AVE,44.9607722,-93.2526188
2200 BRYANT AVE N,44.9822005,-93.2908521
2200 BRYANT AVE S,44.9605899,-93.2908551
2200 BUCHANAN ST NE,45.009703,-93.239823
2200 BUTLER PL,44.964731,-93.240549
2200 CALIFORNIA ST NE,45.0102471,-93.2691898
2200 CENTRAL AVE NE,45.010003,-93.247441
2200 CHICAGO AVE,44.960795,-93.262674
2200 CLEVELAND ST NE,45.009707,-93.230858
2200 CLINTON AVE,44.960769,-93.271601
2200 COLE AVE SE,44.987395,-93.221504
2200 COLFAX AVE S,44.9607334,-93.2921138
2200 COMO AVE SE,,
2200 DOUGLAS AVE,44.9664316,-93.299463
2200 DOWLING AVE N,45.024172,-93.308508
2200 DREW AVE S,44.9609803,-93.3283453
2200 DUPONT AVE N,44.9809493,-93.2930242
2200 DUPONT AVE S,44.8916589,-93.2935971
2200 EAST LAKE OF THE ISLES PKWY,44.960737,-93.30149
2200 EAST MINNEHAHA PKWY,44.9163065,-93.2410253
2200 ELLIOT AVE,44.960798,-93.261201
2200 EMERSON AVE N,45.0016716,-93.293831
2200 EMERSON AVE S,44.9607645,-93.2946722
2200 FAIRMOUNT ST,,
2200 FILLMORE ST NE,45.0100404,-93.2425083
2200 FRANKLIN AVE E,44.9628797,-93.240525
2200 FRANKLIN AVE SE,44.964517,-93.208818
2200 FREMONT AVE N,45.001752,-93.2951975
2200 FREMONT AVE S,44.9607783,-93.2959882
2200 GARFIELD AVE,44.960792,-93.286886
2200 GARFIELD ST NE,45.009707,-93.233408
2200 GIRARD AVE S,44.9607795,-93.2972385
2200 GLENWOOD AVE,44.980807,-93.308492
2200 GOLDEN VALLEY RD,44.998848,-93.30837
2200 GRAND AVE S,44.9607527,-93.2845201
2200 HARRIET AVE,44.9607161,-93.2858026
2200 HAYES ST NE,45.00971,-93.234712
2200 HENNEPIN AVE,44.9608164,-93.2932723
2200 HOWARD ST NE,45.010125,-93.253207
2200 HUMBOLDT AVE S,44.9607824,-93.2984868
2200 IRVING AVE N,44.9833756,-93.2994296
2200 IRVING AVE S,44.960811,-93.299801
2200 JACKSON ST NE,45.010012,-93.249231
2200 JEFFERSON ST NE,45.0001026,-93.2550056
2200 JOHNSON ST NE,45.009714,-93.237276
2200 LAKE ST E,44.948454,-93.240165
2200 LAUREL AVE W,44.9739776,-93.2842216
2200 LINCOLN ST NE,45.009707,-93.23855
2200 LOCUST ST,44.969315,-93.240795
2200 LOWRY AVE N,45.0130808,-93.279805
2200 LYNDALE AVE N,45.0016591,-93.2877001
2200 LYNDALE AVE S,44.9604537,-93.2884272
2200 MADISON ST NE,45.010125,-93.254428
2200 MAIN ST NE,44.9956358,-93.2651046
2200 MARSHALL ST NE,45.010195,-93.271798
2200 MCKINLEY ST NE,45.009701,-93.228286
2200 MCNAIR AVE,45.0024827,-93.3113679
2200 MEMORIAL PKWY,,
2200 MINNEHAHA AVE,44.9606669,-93.2433854
2200 MONROE ST NE,45.010129,-93.252566
2200 NICOLLET AVE,44.9606313,-93.2781852
2200 OAK PARK AVE N,44.987975,-93.308431
2200 OAKLAND AVE,44.960783,-93.266533
2200 ORLIN AVE SE,44.9673546,-93.2125139
2200 PARK AVE,44.960787,-93.265229
2200 PILLSBURY AVE,44.960617,-93.2816778
2200 PLEASANT AVE,44.960784,-93.283098
2200 PLYMOUTH AVE N,44.9917874,-93.3088213
2200 POLK ST NE,45.0100614,-93.2458864
2200 PORTLAND AVE,44.96078,-93.267774
2200 QUINCY ST NE,45.010014,-93.251018
2200 RIVERSIDE AVE,44.967539,-93.240692
2200 SHARON AVE SE,,
2200 SHERIDAN AVE S,44.9601964,-93.313353
2200 SNELLING AVE,44.9605425,-93.2449834
2200 STEVENS AVE,44.960773,-93.275416
2200 TAFT ST NE,45.009783,-93.224312
2200 TALMAGE AVE SE,,
2200 THOMAS AVE N,44.980124,-93.3130666
2200 THOMAS AVE S,44.9602881,-93.3140446
2200 U OF M TRANSITWAY,,
2200 ULYSSES ST NE,45.009714,-93.235993
2200 UNIVERSITY AVE NE,45.0374593,-93.2627274
2200 WASHINGTON ST NE,45.010125,-93.256868
2200 WEST BROADWAY,45.004359,-93.308797
2208 IRVING AVE N,44.9833756,-93.2994296
221 37TH AVE NE,45.03546,-93.2660124
2212 FRANKLIN AVE E,44.9628291,-93.2406609
2214 37TH ST E,44.93601,-93.23958
2224 38TH ST E,44.934197,-93.239935
2224 39TH ST E,44.9323865,-93.2403625
2224 43RD ST E,44.9254036,-93.2393032
2224 WEST BROADWAY,45.0044342,-93.3089133
2234 24TH ST E,44.9592317,-93.240533
224 3RD AVE N,44.9851619,-93.2717748
224 5TH AVE N,44.9863437,-93.2745771
224 6TH AVE N,44.9869784,-93.2755992
224 7TH AVE N,44.98725,-93.2770695
2240 57TH ST W,44.8998322,-93.308344
2255 RIVERSIDE AVE,44.9672735,-93.2405254
226 BROADWAY ST NE,44.998785,-93.2652449
226 WALNUT ST,44.9756125,-93.2280231
2260 WEST LAKE OF THE ISLES PKWY,44.958386,-93.304785
230 10TH AVE N,44.990259,-93.2808
230 10TH AVE S,44.9766418,-93.254064
230 11TH AVE S,44.9760654,-93.252703
230 12TH AVE S,44.9754867,-93.2513371
230 19TH AVE S,44.9657504,-93.2458284
230 1ST AVE N,44.9775646,-93.277382
230 2ND AVE N,44.9835115,-93.2718651
230 2ND AVE S,44.9742972,-93.2707619
230 3RD AVE S,44.9796957,-93.2644571
230 4TH AVE S,44.9791168,-93.2630884
230 5TH AVE S,44.9782689,-93.2619585
230 8TH AVE N,44.9884702,-93.279196
230 9TH AVE N,44.9891411,-93.2805579
230 CHICAGO AVE,44.9777288,-93.2565907
230 HENNEPIN AVE,44.9827371,-93.2684251
230 MARQUETTE AVE,44.9817973,-93.2662165
230 NICOLLET MALL,44.9749448,-93.2739446
230 PARK AVE,44.9775814,-93.2588321
230 PORTLAND AVE,44.9789603,-93.2595289
2300 13TH AVE S,44.9596195,-93.2568419
2300 14TH AVE S,44.9604612,-93.254961
2300 15TH AVE S,44.9598232,-93.2540702
2300 16TH AVE N,44.9952336,-93.3101417
2300 17TH AVE N,44.997047,-93.309587
2300 21ST AVE N,45.000667,-93.309644
2300 21ST ST W,44.96158,-93.310167
2300 22ND ST E,44.9611359,-93.2389572
2300 23RD AVE NE,45.0110129,-93.2477237
2300 24TH AVE N,45.004298,-93.3097614
2300 24TH ST E,44.959236,-93.238995
2300 25TH ST E,44.957827,-93.2386085
2300 29TH AVE N,45.009718,-93.309676
2300 29TH AVE NE,45.020388,-93.227945
2300 2ND AVE N,44.979025,-93.309779
2300 2ND ST N,45.002712,-93.280095
2300 2ND ST NE,45.011205,-93.266237
2300 30TH AVE N,45.0113609,-93.2974715
2300 30TH AVE NE,45.022199,-93.227963
2300 33RD AVE S,44.9601021,-93.2242844
2300 34TH AVE N,45.0166902,-93.2845889
2300 34TH AVE NE,45.029445,-93.228005
2300 37TH ST E,44.936007,-93.238699
2300 38TH ST E,44.934198,-93.238283
2300 49TH ST W,44.91426,-93.308896
2300 4TH AVE N,44.98166,-93.309871
2300 4TH ST N,45.002698,-93.284811
2300 4TH ST NE,45.011209,-93.261667
2300 4TH ST SE,44.975195,-93.222761
2300 50TH ST W,44.912449,-93.308993
2300 51ST ST W,44.910644,-93.308855
2300 53RD ST E,44.9075949,-93.2367131
2300 54TH ST W,44.905226,-93.309558
2300 55TH ST W,44.903426,-93.308813
2300 5TH AVE N,44.982738,-93.309879
2300 5TH ST NE,45.011205,-93.260477
2300 6TH ST N,45.002695,-93.286339
2300 6TH ST NE,45.011205,-93.259264
2300 6TH ST S,44.9678421,-93.2391965
2300 6TH ST SE,44.9834725,-93.2367522
2300 7TH AVE N,44.9866146,-93.2777836
2300 7TH ST NE,45.011201,-93.258073
2300 9TH ST S,44.964043,-93.239096
2300 BLOOMINGTON AVE,44.9598214,-93.2526754
2300 BRYANT AVE N,44.9822005,-93.2908521
2300 BUCHANAN ST NE,45.011491,-93.239809
2300 CALIFORNIA ST NE,45.0112691,-93.2691933
2300 CEDAR SHORE DR,44.960061,-93.328515
2300 CENTRAL AVE NE,45.010987,-93.247447
2300 CLEVELAND ST NE,45.011515,-93.230842
2300 COLE AVE SE,44.986644,-93.220215
2300 COMO AVE SE,,
2300 COOLIDGE ST NE,45.0128421,-93.2204379
2300 DUPONT AVE N,44.9809493,-93.2930242
2300 DUPONT AVE S,44.9603,-93.293208
2300 EVERGREEN DR,44.9582226,-93.2377632
2300 FAIRMOUNT ST,,
2300 FRANKLIN AVE E,44.962831,-93.238997
2300 GARFIELD ST NE,45.0139016,-93.2326085
2300 GLENWOOD AVE,44.980897,-93.3099131
2300 GOLDEN VALLEY RD,44.998858,-93.309644
2300 GRAND ST NE,45.0112815,-93.2703056
2300 HAYES ST NE,45.011892,-93.234704
2300 HENNEPIN AVE,44.9597698,-93.2940483
2300 HENNEPIN AVE E,44.9597698,-93.2940483
2300 ILION AVE N,45.003113,-93.30117
2300 IRVING AVE S,44.9600041,-93.3001193
2300 JACKSON ST NE,45.010995,-93.249231
2300 JEFFERSON ST NE,45.011204,-93.255646
2300 JOHNSON ST NE,45.011515,-93.237272
2300 KENNEDY ST NE,44.9945242,-93.2284304
2300 LAKE PL,44.959881,-93.299891
2300 LAKE ST E,44.9483863,-93.2033878
2300 LAUREL AVE W,44.9736991,-93.3099392
2300 LOGAN AVE N,44.9784922,-93.3032752
2300 LOWRY AVE N,45.0130808,-93.279805
2300 LOWRY AVE NE,45.0132114,-93.2320264
2300 LYNDALE AVE N,45.002691,-93.287865
2300 MADISON ST NE,45.011206,-93.254433
2300 MARSHALL ST NE,45.0110968,-93.2720334
2300 MCKINLEY ST NE,45.011515,-93.228264
2300 MCNAIR AVE,45.0024827,-93.3113679
2300 MINNEAPOLIS AVE,44.959885,-93.223762
2300 MONROE ST NE,45.011209,-93.252572
2300 PENN AVE N,44.9825103,-93.3083141
2300 PLYMOUTH AVE N,44.991595,-93.309675
2300 POLK ST NE,45.011032,-93.2459122
2300 QUINCY ST NE,45.010995,-93.251023
2300 RIVER POINTE LN,,
2300 SHERIDAN AVE N,44.9833538,-93.3121404
2300 SUMMER ST NE,44.997057,-93.228456
2300 TALMAGE AVE SE,,
2300 TAYLOR ST NE,45.011,-93.243886
2300 THOMAS AVE N,44.980124,-93.3130666
2300 U OF M TRANSITWAY,,
2300 UNIVERSITY AVE NE,45.0374593,-93.2627274
2300 UPTON AVE N,45.0025857,-93.3143721
2300 WASHINGTON ST NE,45.011202,-93.256868
2300 WEST BROADWAY,45.004832,-93.30953
2301 FILLMORE ST NE,45.011479,-93.242125
2301 OAK PARK AVE N,44.987819,-93.309822
2301 RIVERSIDE AVE,44.966144,-93.237898
2310 MINNEHAHA AVE,44.9597498,-93.2425177
2315 LOGAN AVE N,44.9784922,-93.3032752
2320 WEST LAKE OF THE ISLES PKWY,44.957464,-93.306649
2322 JAMES AVE N,44.9781679,-93.3007209
2323 RIVERSIDE AVE,44.9660716,-93.2377285
233 HUMBOLDT AVE N,44.9791316,-93.2986879
2332 ILION AVE N,45.0032395,-93.300995
235 IRVING AVE N,44.9791288,-93.2997371
238 CENTRAL AVE SE,44.9863906,-93.2553477
2397 OAK PARK AVE N,44.9878239,-93.3106321
2398 BUTLER PL,44.964726,-93.237914
24 8TH ST S,44.9771383,-93.274469
24 SAINT MARYS AVE,44.9706361,-93.218759
240 53RD AVE N,45.0512141,-93.3068455
240 GIRARD AVE N,44.9797026,-93.2970439
240 LOGAN AVE N,44.9784037,-93.3031348
2400 10TH AVE S,44.959007,-93.26009
2400 11TH AVE S,44.959006,-93.258822
2400 12TH AVE N,44.989688,-93.310893
2400 12TH AVE S,44.958999,-93.257556
2400 13TH AVE S,44.9589953,-93.2565045
2400 14TH AVE S,44.959006,-93.255009
2400 16TH AVE S,44.958995,-93.251223
2400 17TH AVE N,44.997062,-93.31094
2400 17TH AVE S,44.959012,-93.24995
2400 18TH AVE S,44.959013,-93.248691
2400 1ST AVE S,44.8922644,-93.2768624
2400 21ST ST W,44.961419,-93.311451
2400 22ND AVE S,44.959018,-93.241037
2400 22ND ST E,44.9611523,-93.2375216
2400 22ND ST W,44.9608483,-93.3139294
2400 23RD AVE S,44.9590024,-93.2396083
2400 24TH AVE N,45.004299,-93.310934
2400 24TH AVE S,44.9589766,-93.2380686
2400 24TH ST E,44.959238,-93.237581
2400 24TH ST W,44.9591558,-93.3115983
2400 26TH AVE S,44.959002,-93.2350122
2400 27TH AVE S,44.958996,-93.2333066
2400 29TH AVE S,44.9582603,-93.2300006
2400 2ND ST N,45.0039717,-93.2793231
2400 2ND ST NE,45.0122928,-93.2664713
2400 30TH AVE S,44.959055,-93.228411
2400 33RD AVE S,44.95906,-93.224086
2400 34TH AVE N,45.0166902,-93.2845889
2400 34TH AVE S,44.9590099,-93.2228034
2400 35TH AVE S,44.959005,-93.2212143
2400 35TH ST E,44.939627,-93.237036
2400 37TH AVE N,45.022355,-93.311021
2400 37TH ST E,44.936006,-93.237015
2400 3RD AVE S,44.9585946,-93.2741526
2400 3RD ST NE,45.012335,-93.2649571
2400 40TH ST W,44.9304776,-93.2840329
2400 42ND ST W,44.9268437,-93.2831161
2400 49TH ST W,44.9141906,-93.2808992
2400 4TH ST NE,45.012293,-93.261666
2400 52ND ST W,44.908836,-93.310093
2400 54TH ST E,44.905391,-93.237003
2400 54TH ST W,44.905417,-93.310239
2400 55TH ST E,44.903574,-93.237245
2400 56TH ST W,44.9014957,-93.2831719
2400 5TH AVE S,44.959174,-93.269098
2400 6TH ST NE,45.012296,-93.259264
2400 7TH ST NE,45.0115773,-93.258073
2400 7TH ST S,44.966668,-93.235993
2400 8TH AVE N,44.9884702,-93.279196
2400 8TH ST S,44.964768,-93.237853
2400 9TH ST S,44.964045,-93.237574
2400 ALDRICH AVE N,45.003829,-93.289401
2400 ALDRICH AVE S,44.9589146,-93.2896607
2400 BLAISDELL AVE,44.9589076,-93.2801003
2400 BLOOMINGTON AVE,44.9588423,-93.2527818
2400 BRYANT AVE S,44.9589318,-93.2909291
2400 CEDAR AVE S,44.959014,-93.247431
2400 CENTRAL AVE NE,45.0123223,-93.2477445
2400 CHICAGO AVE,44.958994,-93.262673
2400 CLINTON AVE,44.959083,-93.271616
2400 COLE AVE SE,44.985543,-93.21833
2400 COLFAX AVE S,44.9589799,-93.292151
2400 COLUMBUS CT,44.9578971,-93.2638964
2400 COMO AVE SE,,
2400 DELAWARE ST SE,44.9706388,-93.2180529
2400 DOWLING AVE N,45.024176,-93.311064
2400 DUPONT AVE N,44.9809493,-93.2930242
2400 DUPONT AVE S,44.9589751,-93.2934271
2400 ELLIOT AVE,44.959,-93.261364
2400 ELM ST SE,44.9842145,-93.2195673
2400 EMERSON AVE N,45.0038855,-93.2938452
2400 EMERSON AVE S,44.958613,-93.294497
2400 EVERGREEN DR,44.9582226,-93.2377632
2400 FERRANT PL,45.004361,-93.310808
2400 FILLMORE ST NE,45.012344,-93.2425311
2400 FRANKLIN AVE E,44.962831,-93.237573
2400 FREMONT AVE N,45.003856,-93.295503
2400 FREMONT AVE S,44.958973,-93.2959364
2400 GARFIELD AVE,44.9589806,-93.2870565
2400 GIRARD AVE N,44.9811013,-93.297165
2400 GIRARD AVE S,44.9589096,-93.2972543
2400 GOLDEN VALLEY RD,44.998868,-93.310933
2400 GRAND AVE S,44.9589563,-93.2844636
2400 HARRIET AVE,44.9588731,-93.2859567
2400 HENNEPIN AVE,44.9589941,-93.2945419
2400 HENNEPIN AVE E,44.9589941,-93.2945419
2400 HOWARD ST NE,45.012287,-93.253232
2400 HUMBOLDT AVE S,44.9589132,-93.2985678
2400 INGLEWOOD AVE,44.9801903,-93.3110355
2400 IRVING AVE S,44.9591924,-93.300022
2400 JACKSON ST NE,45.012287,-93.249231
2400 JEFFERSON ST NE,45.012285,-93.255659
2400 KENNEDY ST NE,44.994998,-93.226579
2400 LAKE ST E,44.9483824,-93.205112
2400 LAUREL AVE W,44.9739776,-93.2842216
2400 LOGAN AVE N,44.9784922,-93.3032752
2400 LOWRY AVE N,45.0131989,-93.3006568
2400 LOWRY AVE NE,45.0132114,-93.2320264
2400 LYNDALE AVE N,45.0038459,-93.2877617
2400 LYNDALE AVE S,44.9589689,-93.2884264
2400 MADISON ST NE,45.012285,-93.254438
2400 MINNEHAHA AVE,44.9587454,-93.2422673
2400 MONROE ST NE,45.012286,-93.252574
2400 NEWTON AVE N,44.982422,-93.3058342
2400 NEWTON AVE S,44.9599827,-93.3058456
2400 NICOLLET AVE,44.958991,-93.277964
2400 OAKLAND AVE,44.958991,-93.266496
2400 OGEMA PL,44.959018,-93.24682
2400 PARK AVE,44.9584641,-93.2657519
2400 PENN AVE N,44.9825103,-93.3083141
2400 PILLSBURY AVE,44.9589345,-93.281704
2400 PLEASANT AVE,44.9589663,-93.2832913
2400 PLYMOUTH AVE N,44.9917151,-93.3109967
2400 POLK ST NE,45.01229,-93.245673
2400 PORTLAND AVE,44.958987,-93.267778
2400 QUINCY ST NE,45.012286,-93.251028
2400 RUSSELL AVE S,44.9590229,-93.3120272
2400 SEABURY AVE,44.959031,-93.220632
2400 SNELLING AVE,44.9601168,-93.2443373
2400 STEVENS AVE,44.9590074,-93.2756249
2400 TALMAGE AVE SE,,
2400 UNIVERSITY AVE NE,45.0374593,-93.2627274
2400 UPTON AVE N,45.0043914,-93.3143394
2400 VINCENT AVE N,44.9789588,-93.3159851
2400 WASHINGTON ST NE,45.012284,-93.256868
2400 WEST RIVER PKWY,44.959035,-93.220181
2401 OAK PARK AVE N,44.987989,-93.3108894
2412 SHERIDAN AVE N,44.9833538,-93.3121404
2414 9TH ST S,44.9639019,-93.2368716
2417 HENNEPIN AVE,44.9852443,-93.2642581
2418 CEDAR SHORE DR,44.9582936,-93.3273264
2418 EMERSON AVE S,44.9584007,-93.2944994
2421 HENNEPIN AVE,44.9852443,-93.2642581
2426 BUTLER PL,44.964725,-93.237484
2426 LOGAN AVE N,44.9784922,-93.3032752
2428 42ND ST W,44.9268437,-93.2831161
2430 24TH ST W,44.9591558,-93.3115983
2430 25TH AVE S,44.9587881,-93.2363354
244 FRANKLIN AVE W,44.9627513,-93.305952
2440 SEABURY AVE,44.958326,-93.219626
2450 26TH AVE N,45.0059839,-93.3028631
2464 24TH ST W,44.9591558,-93.3115983
2490 WEST LAKE OF THE ISLES PKWY,44.9580188,-93.3114659
25 ARTHUR AVE SE,44.969526,-93.215277
250 15TH AVE N,44.9942649,-93.2807001
250 50TH ST W,44.9123324,-93.2961273
250 BROADWAY ST NE,44.998785,-93.265096
250 CEDAR AVE S,44.9724928,-93.247347
250 DUPONT AVE N,44.9806264,-93.2928909
250 MARKET ST,44.9802395,-93.2895454
250 PLYMOUTH AVE N,44.9920579,-93.2821964
250 WEST BROADWAY,44.9992056,-93.2810072
2500 10TH AVE S,44.957207,-93.26012
2500 11TH AVE S,44.957214,-93.258846
2500 12TH AVE S,44.957213,-93.257579
2500 13TH AVE S,44.9571945,-93.2564875
2500 14TH AVE N,44.993433,-93.312234
2500 15TH AVE S,44.9571688,-93.2539978
2500 16TH AVE N,44.995258,-93.312229
2500 16TH AVE S,44.9571713,-93.2514575
2500 17TH AVE N,44.997075,-93.312225
2500 18TH AVE S,44.957206,-93.248711
2500 19TH AVE NE,45.0077926,-93.2337874
2500 1ST AVE S,44.8922644,-93.2768624
2500 21ST ST W,44.961356,-93.312921
2500 22ND ST E,44.961052,-93.23602
2500 22ND ST W,44.9608483,-93.3139294
2500 23RD AVE N,45.0025856,-93.2911714
2500 24TH AVE N,45.0037183,-93.2960209
2500 24TH ST E,44.959396,-93.2359873
2500 25TH AVE S,44.957229,-93.236361
2500 25TH ST E,44.9578027,-93.2357426
2500 26TH AVE N,45.0059839,-93.3028631
2500 26TH AVE S,44.957237,-93.234778
2500 26TH ST E,44.955646,-93.236093
2500 27TH AVE N,45.007818,-93.3064496
2500 27TH AVE S,44.9572022,-93.2334473
2500 28TH ST W,44.9519712,-93.314068
2500 29TH AVE S,44.957261,-93.230014
2500 2ND AVE S,44.955981,-93.274156
2500 2ND ST NE,45.01328,-93.266252
2500 30TH AVE N,45.0114589,-93.3178571
2500 30TH AVE S,44.957268,-93.228434
2500 31ST AVE S,44.957275,-93.227085
2500 32ND AVE S,44.95727,-93.225577
2500 32ND ST E,44.944856,-93.235627
2500 34TH ST E,44.941427,-93.235712
2500 35TH AVE S,44.957259,-93.221017
2500 35TH ST E,44.939624,-93.235754
2500 36TH AVE N,45.0203304,-93.2908143
2500 38TH ST E,44.93419,-93.235741
2500 39TH ST E,44.932394,-93.235749
2500 3RD AVE S,44.957206,-93.272868
2500 3RD ST NE,45.01328,-93.264734
2500 40TH ST E,44.930592,-93.235757
2500 40TH ST W,44.9304776,-93.2840329
2500 41ST AVE N,45.0295584,-93.2944701
2500 41ST ST E,44.928778,-93.235769
2500 42ND AVE N,45.0317634,-93.2852974
2500 42ND ST W,44.9268437,-93.2831161
2500 43RD ST W,44.925033,-93.2831191
2500 49TH ST W,44.9141906,-93.2808992
2500 4TH ST N,45.004917,-93.284808
2500 4TH ST NE,45.013284,-93.26166
2500 4TH ST SE,44.974264,-93.220449
2500 50TH ST W,44.9123324,-93.2961273
2500 54TH ST E,44.905396,-93.235927
2500 57TH ST E,44.899943,-93.236019
2500 58TH ST W,44.8978402,-93.2859282
2500 59TH ST W,44.896231,-93.311408
2500 5TH AVE S,44.957193,-93.269081
2500 61ST ST W,44.892634,-93.311384
2500 6TH ST N,45.004918,-93.286335
2500 6TH ST NE,44.9922148,-93.2539614
2500 6TH ST S,44.967392,-93.234411
2500 7TH AVE N,44.9866146,-93.2777836
2500 7TH ST S,44.966665,-93.2353713
2500 8TH AVE N,44.9884702,-93.279196
2500 8TH ST S,44.965363,-93.235471
2500 9TH ST S,44.9744135,-93.272527
2500 ALDRICH AVE S,44.9571429,-93.2895601
2500 BLAISDELL AVE,44.9569774,-93.2800643
2500 BLOOMINGTON AVE,44.9571336,-93.2527391
2500 BRYANT AVE N,44.9822005,-93.2908521
2500 BRYANT AVE S,44.957206,-93.29069
2500 BUTLER PL,44.96471,-93.235996
2500 CALIFORNIA ST NE,45.013281,-93.26896
2500 CEDAR SHORE DR,44.957207,-93.32738
2500 CENTRAL AVE NE,45.013284,-93.247453
2500 CHICAGO AVE,44.957195,-93.262668
2500 CLINTON AVE,44.957204,-93.271616
2500 COLE AVE SE,44.985168,-93.217682
2500 COLFAX AVE S,44.9571186,-93.2921397
2500 COLUMBUS AVE,44.957193,-93.263973
2500 COMO AVE SE,,
2500 DELAWARE ST SE,44.972299,-93.222049
2500 DUPONT AVE S,44.9571627,-93.2933799
2500 ELLIOT AVE,44.957195,-93.261394
2500 EMERSON AVE N,45.004941,-93.293977
2500 EMERSON AVE S,44.9570876,-93.2946448
2500 EUCLID PL,44.957115,-93.299937
2500 FARWELL AVE,44.988337,-93.312408
2500 FARWELL PL,44.990715,-93.312245
2500 FILLMORE ST NE,45.0133,-93.242364
2500 FRANKLIN AVE E,44.962834,-93.235995
2500 FRANKLIN AVE W,44.9627513,-93.305952
2500 FREMONT AVE N,45.0049495,-93.2954016
2500 FREMONT AVE S,44.9421576,-93.2958093
2500 GARFIELD AVE,44.9571983,-93.2870446
2500 GIRARD AVE N,44.9811013,-93.297165
2500 GIRARD AVE S,44.9571718,-93.2972715
2500 GOLDEN VALLEY RD,44.998879,-93.312223
2500 GRAND AVE S,44.957197,-93.284334
2500 GRAND ST NE,45.013284,-93.270166
2500 HARRIET AVE,44.957193,-93.285608
2500 HEANER TERR,44.983085,-93.312278
2500 HENNEPIN AVE,44.9729896,-93.2213826
2500 HENNEPIN AVE E,44.9729896,-93.2213826
2500 HOWARD ST NE,45.01328,-93.253229
2500 HUMBOLDT AVE S,44.9571949,-93.2985596
2500 IRVING AVE S,44.957034,-93.299853
2500 JACKSON ST NE,45.01328,-93.249231
2500 JAMES AVE N,44.9781679,-93.3007209
2500 JEFFERSON ST NE,45.013336,-93.2558498
2500 JOHNSON ST NE,45.013319,-93.237267
2500 KENNEDY ST NE,44.9941574,-93.224837
2500 LAKE PL,44.9579873,-93.3019001
2500 LAKE ST E,44.9493167,-93.2370322
2500 LAKE ST W,44.9505982,-93.310528
2500 LINCOLN ST NE,45.013315,-93.238541
2500 LOGAN AVE N,44.9784922,-93.3032752
2500 LYNDALE AVE N,45.004923,-93.287869
2500 LYNDALE AVE S,44.957195,-93.288379
2500 MARSHALL ST NE,45.0132944,-93.2720714
2500 MCKINLEY ST NE,45.0133609,-93.2284712
2500 MINNEHAHA AVE,44.9567982,-93.2408235
2500 MONROE ST NE,45.013284,-93.25258
2500 MORGAN AVE N,44.9789715,-93.304533
2500 NICOLLET AVE,44.957198,-93.277979
2500 OAK PARK AVE N,44.987998,-93.312269
2500 OAKLAND AVE,44.957194,-93.266504
2500 PARK AVE,44.9569602,-93.2657054
2500 PENN AVE N,44.9825103,-93.3083141
2500 PIERCE ST NE,45.013305,-93.241076
2500 PILLSBURY AVE,44.9571637,-93.2816818
2500 PLEASANT AVE,44.9571459,-93.2833105
2500 PLYMOUTH AVE N,44.991607,-93.312238
2500 POLK ST NE,45.01329,-93.245683
2500 PORTLAND AVE,44.957194,-93.267782
2500 QUEEN AVE N,44.9823724,-93.3097145
2500 QUINCY ST NE,45.01328,-93.251032
2500 RIVERSIDE AVE,44.9656271,-93.2359429
2500 ROBBINS ST,44.90435,-93.311734
2500 SEABURY AVE,44.9571647,-93.2184292
2500 SHERIDAN AVE S,44.9574597,-93.3135185
2500 STEVENS AVE,44.957202,-93.275446
2500 TALMAGE AVE SE,,
2500 TAYLOR ST NE,45.013296,-93.243891
2500 THOMAS AVE S,44.9564388,-93.3142266
2500 U OF M TRANSITWAY,,
2500 ULYSSES ST NE,45.013319,-93.236001
2500 UNIVERSITY AVE NE,45.0374593,-93.2627274
2500 UNIVERSITY AVE SE,44.973342,-93.221436
2500 WASHINGTON ST NE,45.013281,-93.256867
2500 WEST BROADWAY,45.006483,-93.312092
2500 WEST LAKE OF THE ISLES PKWY,44.9582113,-93.3119883
2504 IRVING AVE S,44.9570007,-93.2998534
2510 IRVING AVE N,44.9833756,-93.2994296
2514 8TH ST S,44.9653623,-93.2353697
2514 XERXES AVE N,45.005751,-93.318404
2516 HUMBOLDT AVE S,44.9566429,-93.2986032
2518 22ND ST W,44.9609818,-93.3277964
2520 CEDAR AVE S,44.9562564,-93.2474644
2520 SEABURY AVE,44.956864,-93.2176969
2522 WASHBURN AVE S,44.9580771,-93.3169355
2526 HENNEPIN AVE,44.956465,-93.2963585
2530 WEST LAKE OF THE ISLES PKWY,44.9570049,-93.3132175
2532 MINNEHAHA AVE,44.9569278,-93.2405455
2540 BURNHAM RD,44.956537,-93.317343
2544 GRAND ST NE,45.014726,-93.270168
2550 SEABURY AVE,44.9559326,-93.2161099
26 4TH AVE N,44.987847,-93.2702631
26 HENNEPIN AVE E,44.9642386,-93.2897492
260 QUEEN AVE N,44.979066,-93.309489
2600 10TH AVE S,44.955409,-93.26015
2600 12TH AVE N,44.990192,-93.313504
2600 12TH AVE S,44.955409,-93.257601
2600 13TH AVE S,44.9553498,-93.2565117
2600 14TH AVE N,44.993443,-93.313519
2600 16TH AVE S,44.95541,-93.251269
2600 17TH AVE N,44.997088,-93.313508
2600 17TH AVE S,44.9553658,-93.250218
2600 18TH AVE S,44.9554063,-93.2488693
2600 1ST AVE S,44.9683601,-93.2764623
2600 21ST ST W,44.961376,-93.314228
2600 22ND ST E,44.961184,-93.2343207
2600 24TH ST E,44.9593834,-93.2342698
2600 25TH ST E,44.9576991,-93.2341443
2600 26TH AVE N,45.0059839,-93.3028631
2600 26TH AVE S,44.9550681,-93.2353391
2600 26TH ST E,44.9558851,-93.234246
2600 27TH AVE N,45.007818,-93.3064496
2600 27TH AVE S,44.9554086,-93.2334098
2600 27TH ST E,44.953899,-93.222749
2600 28TH AVE S,44.955448,-93.231618
2600 28TH ST E,44.952047,-93.23456
2600 28TH ST W,44.952164,-93.311808
2600 29TH AVE N,45.00954,-93.2919952
2600 29TH AVE S,44.9553973,-93.2302462
2600 2ND AVE S,44.95541,-93.274158
2600 2ND ST N,45.00606,-93.280128
2600 30TH AVE N,45.0113609,-93.2974715
2600 30TH AVE S,44.955462,-93.22845
2600 31ST AVE S,44.9553137,-93.2273273
2600 32ND AVE S,44.955466,-93.225727
2600 33RD ST E,44.94303,-93.234383
2600 34TH AVE S,44.955462,-93.223046
2600 35TH ST E,44.939618,-93.234483
2600 36TH AVE N,45.0203304,-93.2908143
2600 36TH ST E,44.937804,-93.234476
2600 37TH AVE S,44.955463,-93.219219
2600 38TH AVE S,44.955466,-93.217944
2600 38TH ST E,44.9344265,-93.2341967
2600 39TH AVE S,44.955465,-93.216683
2600 39TH ST E,44.93239,-93.234495
2600 39TH ST W,44.93237,-93.313127
2600 3RD AVE S,44.955409,-93.272883
2600 40TH AVE N,45.0275761,-93.289992
2600 40TH AVE S,44.955469,-93.215439
2600 40TH ST W,44.930564,-93.313138
2600 41ST ST E,44.928776,-93.234499
2600 41ST ST W,44.928766,-93.313208
2600 42ND AVE N,45.0317634,-93.2852974
2600 43RD ST E,44.9253055,-93.2344651
2600 44TH ST W,44.923147,-93.31176
2600 4TH ST N,45.006045,-93.284782
2600 54TH ST E,44.905406,-93.234652
2600 55TH ST E,44.903581,-93.234698
2600 57TH ST E,44.899954,-93.234737
2600 5TH AVE S,44.955402,-93.269062
2600 6TH ST NE,45.015126,-93.259266
2600 6TH ST S,44.9673435,-93.2337837
2600 7TH ST NE,45.0151641,-93.2582462
2600 7TH ST S,44.966661,-93.234414
2600 8TH AVE N,44.9884702,-93.279196
2600 8TH ST S,44.965361,-93.234418
2600 ALDRICH AVE N,45.0185244,-93.2893042
2600 ALDRICH AVE S,44.9554081,-93.2895917
2600 BLAISDELL AVE,44.955413,-93.279756
2600 BLOOMINGTON AVE,44.9553283,-93.2527448
2600 BRIGHTON AVE NE,45.015159,-93.233112
2600 BRYANT AVE S,44.9552149,-93.2908523
2600 CEDAR AVE S,44.9553982,-93.2477104
2600 CENTRAL AVE NE,45.015084,-93.247454
2600 CHICAGO AVE,44.9553507,-93.2629108
2600 CLINTON AVE,44.955408,-93.271618
2600 COLFAX AVE N,44.9784965,-93.291569
2600 COLFAX AVE S,44.9553389,-93.2921668
2600 COLUMBUS AVE,44.955405,-93.263957
2600 COMO AVE SE,,
2600 DELAWARE ST SE,44.971754,-93.220669
2600 DOWLING AVE N,45.024179,-93.313605
2600 DUPONT AVE N,44.9809493,-93.2930242
2600 DUPONT AVE S,44.9553933,-93.2934451
2600 ELLIOT AVE,44.9007999,-93.2614611
2600 EMERSON AVE N,45.00609,-93.294133
2600 EMERSON AVE S,44.9553746,-93.2947752
2600 ESSEX ST SE,44.970751,-93.221443
2600 EUCLID PL,44.9563677,-93.3011361
2600 FILLMORE ST NE,45.015102,-93.242353
2600 FRANCE AVE S,44.955635,-93.330163
2600 FRANKLIN AVE E,44.9630382,-93.2341705
2600 FREMONT AVE N,45.006079,-93.295455
2600 FREMONT AVE S,44.955381,-93.2959353
2600 GARFIELD AVE,44.955413,-93.286883
2600 GIRARD AVE N,44.9811013,-93.297165
2600 GIRARD AVE S,44.954924,-93.297119
2600 GOLDEN VALLEY RD,44.99889,-93.313505
2600 GRAND AVE S,44.9023772,-93.2844757
2600 GRAND ST NE,45.015089,-93.270168
2600 HARRIET AVE,44.955417,-93.285617
2600 HENNEPIN AVE,44.97223,-93.2202849
2600 HENNEPIN AVE E,44.97223,-93.2202849
2600 HOWARD ST NE,45.015088,-93.253229
2600 HUMBOLDT AVE N,44.9828517,-93.298195
2600 HUMBOLDT AVE S,44.955447,-93.298548
2600 IRVING AVE N,44.9833756,-93.2994296
2600 IRVING AVE S,44.9560053,-93.3001046
2600 JACKSON ST NE,45.015084,-93.249232
2600 JAMES AVE N,44.9781679,-93.3007209
2600 KENILWORTH PL,44.955658,-93.312367
2600 KNOX AVE N,44.9824849,-93.301986
2600 LAKE ST E,44.948451,-93.234118
2600 LINCOLN ST NE,45.015118,-93.238526
2600 LOGAN AVE N,44.9784922,-93.3032752
2600 LONGFELLOW AVE,44.9553712,-93.2463922
2600 LOWRY AVE N,45.0130808,-93.279805
2600 LYNDALE AVE N,45.006037,-93.287871
2600 LYNDALE AVE S,44.9553632,-93.2883858
2600 MADISON ST NE,45.015096,-93.25445
2600 MARSHALL ST NE,45.015079,-93.272061
2600 MCKINLEY ST NE,45.0151649,-93.2284877
2600 MIDTOWN GREENWAY W,44.9487316,-93.3227503
2600 MONROE ST NE,45.0151154,-93.2527123
2600 MORGAN AVE N,44.982385,-93.3045105
2600 NEWTON AVE N,44.982422,-93.3058342
2600 NICOLLET AVE,44.9553362,-93.2782267
2600 OAKLAND AVE,44.955351,-93.266602
2600 OLIVER AVE N,44.982708,-93.3070507
2600 PARK AVE,44.9550351,-93.2660816
2600 PAUTZ PL,,
2600 PENN AVE N,44.9825103,-93.3083141
2600 PILLSBURY AVE,44.955413,-93.281435
2600 PLEASANT AVE,44.955417,-93.283084
2600 POLK ST NE,45.015087,-93.245683
2600 PORTLAND AVE,44.955401,-93.267787
2600 QUINCY ST NE,45.015085,-93.251031
2600 RANDOLPH ST NE,45.015088,-93.271357
2600 RUSSELL AVE N,44.9823696,-93.311096
2600 STEVENS AVE,44.954713,-93.275466
2600 TALMAGE AVE SE,,
2600 TAYLOR ST NE,45.015095,-93.243902
2600 THOMAS AVE N,44.980124,-93.3130666
2600 ULYSSES ST NE,45.0151722,-93.2362022
2600 UNIVERSITY AVE SE,44.972742,-93.219905
2600 UPTON AVE N,45.0061958,-93.3143537
2600 WASHINGTON ST NE,45.0151007,-93.2569572
2600 WEST BROADWAY,45.007983,-93.313461
2600 WEST LAKE OF THE ISLES PKWY,44.955448,-93.312304
2604 21ST ST W,44.9612025,-93.3146425
2605 BUTLER PL,44.964719,-93.2351146
2616 28TH ST W,44.9519712,-93.314068
2620 HENNEPIN AVE,45.0335806,-93.3146408
2624 SHERIDAN AVE N,44.9833538,-93.3121404
2626 UNIVERSITY AVE NE,45.0374593,-93.2627274
2644 BRIGHTON AVE NE,45.0156493,-93.2327021
2648 WELLS FARGO WAY,44.9534466,-93.2702922
265 19TH AVE S,44.9713999,-93.2455586
265 VINCENT AVE N,44.9791046,-93.3160858
265 WASHBURN AVE N,44.9790987,-93.3173678
2650 WELLS FARGO WAY,44.9534466,-93.2702922
2668 EAST LAKE OF THE ISLES PKWY,44.955653,-93.301768
27 40TH ST W,44.9304119,-93.2789802
2700 12TH AVE S,44.9479192,-93.2575908
2700 13TH AVE S,44.953622,-93.256355
2700 14TH AVE S,44.953624,-93.255095
2700 15TH AVE S,44.953627,-93.253822
2700 16TH AVE N,44.995289,-93.314785
2700 16TH AVE S,44.9536263,-93.2514409
2700 17TH AVE S,44.9536158,-93.2501863
2700 1ST AVE S,44.9683601,-93.2764623
2700 22ND ST E,44.961183,-93.2327693
2700 24TH ST E,44.959243,-93.232859
2700 25TH ST E,44.957451,-93.232886
2700 26TH ST E,44.9558046,-93.2328667
2700 27TH AVE N,45.007818,-93.3064496
2700 27TH ST E,44.953853,-93.232935
2700 28TH ST E,44.952048,-93.231371
2700 29TH ST E,44.950252,-93.232989
2700 2ND AVE S,44.95361,-93.274189
2700 30TH AVE N,45.0113609,-93.2974715
2700 30TH AVE S,44.9088797,-93.229734
2700 31ST AVE S,44.953338,-93.227145
2700 31ST ST E,44.946934,-93.233004
2700 32ND ST E,44.944841,-93.233217
2700 35TH ST E,44.939614,-93.233203
2700 36TH AVE S,44.953689,-93.220499
2700 38TH ST E,44.9342633,-93.2331628
2700 39TH AVE S,44.953662,-93.216684
2700 39TH ST E,44.932386,-93.233209
2700 3RD ST NE,45.0364389,-93.2638401
2700 40TH AVE S,44.9535853,-93.2155881
2700 40TH ST E,44.93059,-93.233217
2700 41ST AVE S,44.953432,-93.214164
2700 42ND ST E,44.926965,-93.233193
2700 44TH ST E,44.923375,-93.233147
2700 44TH ST W,44.923464,-93.3136396
2700 47TH ST W,44.918056,-93.314028
2700 4TH ST N,45.007287,-93.284788
2700 4TH ST SE,44.973177,-93.217746
2700 52ND ST W,44.908878,-93.313908
2700 53RD AVE N,45.0512141,-93.3068455
2700 59TH ST W,44.896247,-93.313924
2700 5TH AVE S,44.953609,-93.269091
2700 7TH ST NE,45.0140209,-93.2579427
2700 8TH ST S,44.965387,-93.23282
2700 9TH ST S,44.9758897,-93.2759426
2700 ALDRICH AVE N,45.007845,-93.289145
2700 ALDRICH AVE S,44.9535744,-93.2895738
2700 BLAISDELL AVE,44.9536191,-93.2800115
2700 BLOOMINGTON AVE,44.9534375,-93.2528414
2700 BRIGHTON AVE NE,45.016978,-93.231588
2700 BRYANT AVE S,44.9535872,-93.290876
2700 BUCHANAN ST NE,45.0169688,-93.2399114
2700 CALIFORNIA ST NE,45.016926,-93.268956
2700 CEDAR AVE S,44.9535897,-93.2476573
2700 CHICAGO AVE,44.953624,-93.262706
2700 COLFAX AVE N,44.9784965,-93.291569
2700 COLFAX AVE S,44.9536009,-93.2921699
2700 COLUMBUS AVE,44.953621,-93.263981
2700 COMO AVE SE,,
2700 DELAWARE ST SE,44.9710077,-93.2191487
2700 DUPONT AVE N,44.9809493,-93.2930242
2700 DUPONT AVE S,44.9536016,-93.2934588
2700 EAST LAKE OF THE ISLES PKWY,44.954206,-93.301819
2700 ELLIOT AVE,44.9497604,-93.2613877
2700 EMERSON AVE N,45.0079583,-93.2940445
2700 EMERSON AVE S,44.9535887,-93.2947498
2700 ESSEX ST SE,44.9701116,-93.219779
2700 FARWELL AVE,44.989098,-93.314773
2700 FILLMORE ST NE,45.016919,-93.242341
2700 FRANCE AVE S,44.953446,-93.3290764
2700 FRANKLIN AVE E,44.962843,-93.232828
2700 FREMONT AVE N,45.007876,-93.295454
2700 FREMONT AVE S,44.9536044,-93.2960036
2700 GARFIELD AVE,44.953609,-93.286898
2700 GARFIELD ST NE,45.01695,-93.2334
2700 GIRARD AVE N,44.9811013,-93.297165
2700 GIRARD AVE S,44.953625,-93.297103
2700 GRAND AVE S,44.9536133,-93.2845209
2700 GRAND ST NE,45.016918,-93.270169
2700 HARRIET AVE,44.9535633,-93.2858887
2700 HAWTHORNE AVE W,44.975439,-93.31486
2700 HENNEPIN AVE,44.953446,-93.3290764
2700 HENNEPIN AVE E,44.9535691,-93.2980109
2700 HUMBOLDT AVE N,44.9828517,-93.298195
2700 HUMBOLDT AVE S,44.9537137,-93.2996211
2700 IRVING AVE S,44.9538823,-93.3008496
2700 JAMES AVE N,44.9781679,-93.3007209
2700 JOHNSON ST NE,45.016943,-93.237244
2700 KENILWORTH PL,44.9557759,-93.3140834
2700 KNOX AVE N,44.9824849,-93.301986
2700 LAKE ST E,44.9486306,-93.2327208
2700 LAKE ST W,44.949862,-93.314077
2700 LAUREL AVE W,44.9739776,-93.2842216
2700 LOGAN AVE N,44.9784922,-93.3032752
2700 LONGFELLOW AVE,44.95363,-93.24621
2700 LOWRY AVE N,45.0130808,-93.279805
2700 LYNDALE AVE N,45.007836,-93.287878
2700 LYNDALE AVE S,44.9536248,-93.2883207
2700 MARSHALL ST NE,45.016906,-93.272343
2700 MIDTOWN GREENWAY W,44.9487316,-93.3227503
2700 MINNEHAHA AVE,44.9523351,-93.2383722
2700 MORGAN AVE N,44.982385,-93.3045105
2700 NICOLLET AVE,44.95362,-93.278009
2700 PARK AVE,44.9534163,-93.2658585
2700 PENN AVE N,44.9825103,-93.3083141
2700 PILLSBURY AVE,44.9536176,-93.2817445
2700 PLEASANT AVE,44.953612,-93.283098
2700 POLK ST NE,45.016902,-93.245683
2700 PORTLAND AVE,44.953605,-93.26781
2700 QUEEN AVE N,44.9823724,-93.3097145
2700 RUSSELL AVE N,44.9823696,-93.311096
2700 STEVENS AVE,44.9535024,-93.275633
2700 TAYLOR ST NE,45.016908,-93.243906
2700 THOMAS AVE S,44.9531421,-93.3135829
2700 UNIVERSITY AVE SE,44.9718158,-93.2187408
2700 UPTON AVE N,45.007962,-93.314477
2700 VINCENT AVE N,44.9789588,-93.3159851
2705 28TH ST W,44.9516871,-93.3141475
2712 RIVERSIDE AVE,44.9639243,-93.2322397
2724 42ND AVE S,44.9524512,-93.2128866
2730 10TH AVE S,44.9531911,-93.2601761
2730 11TH AVE S,44.9524891,-93.2588998
2730 12TH AVE S,44.952494,-93.2576442
2736 DEAN PKWY,44.9541558,-93.3148906
2746 FRANCE AVE S,44.9529108,-93.3288897
2750 36TH AVE S,44.953148,-93.220499
2750 50TH ST E,44.9124789,-93.2325486
2750 MINNEHAHA AVE,44.952085,-93.2357589
2760 52ND ST W,44.9088811,-93.3142282
2760 55TH ST W,44.9034721,-93.3142175
2760 XERXES AVE S,44.9532484,-93.3189242
2800 10TH AVE S,44.951824,-93.260189
2800 11TH AVE S,44.951824,-93.258908
2800 12TH AVE N,44.990248,-93.316076
2800 12TH AVE S,44.951827,-93.257655
2800 13TH AVE S,44.951827,-93.256382
2800 14TH AVE S,44.951828,-93.255115
2800 15TH AVE S,44.951828,-93.253855
2800 16TH AVE S,44.9517888,-93.251478
2800 1ST AVE S,44.9492598,-93.2766596
2800 22ND AVE S,44.9305189,-93.2410029
2800 22ND ST E,44.9612079,-93.2311853
2800 25TH ST E,44.957461,-93.231303
2800 26TH AVE S,44.951842,-93.234852
2800 26TH ST E,44.9558728,-93.2312572
2800 27TH AVE S,44.951843,-93.233249
2800 28TH AVE S,44.951843,-93.231662
2800 28TH ST E,44.9520495,-93.2307488
2800 28TH ST W,44.9519712,-93.314068
2800 29TH ST E,44.950258,-93.231401
2800 2ND ST N,45.009657,-93.28026
2800 31ST AVE S,44.951854,-93.22716
2800 31ST ST E,44.9466749,-93.2773003
2800 33RD AVE N,45.0148988,-93.2792433
2800 33RD AVE S,44.9518095,-93.2245841
2800 33RD ST E,44.943029,-93.231888
2800 34TH AVE N,45.0166902,-93.2845889
2800 36TH AVE S,44.9518429,-93.2209338
2800 37TH ST E,44.93598,-93.231931
2800 38TH ST E,44.934172,-93.231935
2800 38TH ST W,44.9340979,-93.284034
2800 39TH AVE S,44.9518238,-93.2168661
2800 3RD AVE S,44.9666445,-93.2726849
2800 40TH AVE S,44.9518026,-93.2155872
2800 40TH ST E,44.930586,-93.23195
2800 41ST AVE S,44.951844,-93.214135
2800 41ST ST W,44.928765,-93.314795
2800 42ND ST E,44.926958,-93.23195
2800 43RD AVE S,44.9518116,-93.211769
2800 43RD ST W,44.924693,-93.314787
2800 44TH ST W,44.9236832,-93.3153392
2800 45TH ST W,44.921596,-93.315259
2800 47TH ST W,44.917974,-93.315238
2800 49TH ST E,44.914459,-93.231975
2800 4TH AVE S,44.951816,-93.270373
2800 4TH ST N,45.008565,-93.284786
2800 50TH ST W,44.912502,-93.315205
2800 52ND ST E,44.909041,-93.232035
2800 59TH ST W,44.896256,-93.31519
2800 5TH AVE S,44.951816,-93.269113
2800 5TH ST SE,44.9870542,-93.2490033
2800 8TH AVE N,44.9884702,-93.279196
2800 8TH ST S,44.965388,-93.231245
2800 ALDRICH AVE S,44.951827,-93.289454
2800 BENTON BLVD,44.953749,-93.315209
2800 BLAISDELL AVE,44.951816,-93.27978
2800 BLOOMINGTON AVE,44.951829,-93.252581
2800 BROADWAY ST NE,44.9993486,-93.2231615
2800 BROOKWOOD TERR,44.906242,-93.314755
2800 BRYANT AVE S,44.9517785,-93.2908557
2800 BUCHANAN ST NE,45.01873,-93.239788
2800 CEDAR AVE S,44.9517883,-93.2477341
2800 CEDAR LAKE PKWY,44.9533017,-93.317492
2800 CHICAGO AVE,44.9515955,-93.2632114
2800 COLFAX AVE S,44.9517656,-93.2922258
2800 DELAWARE ST SE,44.970746,-93.218266
2800 DREW AVE S,44.950888,-93.326472
2800 DUPONT AVE S,44.951831,-93.293283
2800 EAST BDE MAKA SKA PKWY,44.9403255,-93.3037378
2800 EAST LAKE OF THE ISLES PKWY,44.952813,-93.302658
2800 ELLIOT AVE,44.950319,-93.261536
2800 EMERSON AVE S,44.951831,-93.294535
2800 FILLMORE ST NE,45.0187789,-93.2425377
2800 FRANCE AVE S,44.9519103,-93.3291837
2800 FRANKLIN AVE E,44.962844,-93.231234
2800 FREMONT AVE S,44.9517759,-93.2960118
2800 GARFIELD AVE,44.951827,-93.286914
2800 GIRARD AVE S,44.951465,-93.2972697
2800 GLENWOOD AVE,44.980823,-93.31613
2800 GOLDEN VALLEY RD,44.9991186,-93.3162108
2800 GRAND AVE S,44.951827,-93.284373
2800 GRAND ST NE,45.018724,-93.27021
2800 HARRIET AVE,44.951823,-93.285647
2800 HENNEPIN AVE,44.9516295,-93.2629701
2800 HOLMES AVE S,44.949394,-93.299536
2800 HUMBOLDT AVE S,44.952264,-93.300016
2800 IRVING AVE S,44.9525702,-93.3017227
2800 JAMES AVE S,44.952005,-93.303492
2800 JOHNSON ST NE,45.018755,-93.237234
2800 KNOX AVE S,44.949561,-93.305116
2800 LAKE ST E,44.948454,-93.231424
2800 LINCOLN ST NE,45.0187693,-93.2387314
2800 LYNDALE AVE S,44.9518028,-93.2883288
2800 MARSHALL ST NE,45.018711,-93.272626
2800 MIDTOWN GREENWAY W,44.9487316,-93.3227503
2800 MINNEHAHA AVE,44.9184037,-93.2141468
2800 NICOLLET AVE,44.951819,-93.278018
2800 OAKLAND AVE,44.951819,-93.266551
2800 PARK AVE,44.9517491,-93.2655134
2800 PILLSBURY AVE,44.9517657,-93.2816007
2800 PLEASANT AVE,44.951827,-93.283099
2800 PLYMOUTH AVE N,44.991626,-93.316076
2800 POLK ST NE,45.018695,-93.245679
2800 PORTLAND AVE,44.951816,-93.267832
2800 RANDOLPH ST NE,45.018721,-93.271416
2800 SAINT LOUIS AVE,44.951896,-93.321658
2800 SAINT MARYS PL,,
2800 STEVENS AVE,44.951769,-93.2756412
2800 TAYLOR ST NE,45.018705,-93.243906
2800 ULYSSES ST NE,45.018759,-93.235966
2800 UNIVERSITY AVE SE,44.971658,-93.217144
2800 WEEKS AVE SE,,
2800 WEST LAKE OF THE ISLES PKWY,44.952018,-93.311528
2800 XERXES AVE S,44.9518416,-93.3189513
282 LUVERNE AVE,44.9089771,-93.2701943
2820 CEDAR LAKE PKWY,44.9537628,-93.3181546
2820 WILLIAMS AVE SE,44.9684751,-93.2185678
2822 34TH ST E,44.9412658,-93.231525
2824 HUMBOLDT AVE S,44.9516156,-93.3010955
2826 KENWOOD ISLES DR,44.9513072,-93.300465
2827 EAST LAKE OF THE ISLES PKWY,44.952162,-93.303172
2828 STINSON BLVD,45.0199319,-93.2271705
2829 NICOLLET AVE,44.9509929,-93.2777975
2830 1ST AVE S,44.8922644,-93.2768624
2837 NICOLLET AVE,44.9507475,-93.2777179
2850 10TH AVE S,44.9511337,-93.2602038
2850 BRYANT AVE S,44.9511209,-93.2907481
2850 CEDAR LAKE PKWY,44.9582775,-93.326902
2850 HUMBOLDT AVE S,44.950757,-93.30094
2856 KENWOOD ISLES DR,44.951107,-93.3001756
2860 EAST BDE MAKA SKA PKWY,44.9403255,-93.3037378
2866 HUMBOLDT AVE S,44.949721,-93.3009441
2866 IRVING AVE S,44.9506522,-93.302225
2870 HUMBOLDT AVE S,44.949744,-93.3011924
2870 IRVING AVE S,44.9505161,-93.302225
2870 JAMES AVE S,44.9498174,-93.3035052
2890 FRANCE AVE S,44.94996,-93.3288753
2892 EAST LAKE OF THE ISLES PKWY,44.951328,-93.3048939
2896 EAST BDE MAKA SKA PKWY,44.9403255,-93.3037378
2900 10TH AVE S,44.949931,-93.260225
2900 11TH AVE S,44.949935,-93.258945
2900 12TH AVE S,44.949935,-93.257679
2900 13TH AVE S,44.949904,-93.256412
2900 14TH AVE S,44.949913,-93.255151
2900 15TH AVE S,44.949922,-93.253879
2900 17TH AVE N,44.9972365,-93.3173492
2900 17TH AVE S,44.9499389,-93.2503622
2900 18TH AVE S,44.949928,-93.248779
2900 21ST AVE S,44.950038,-93.242445
2900 22ND ST E,44.9612177,-93.2295862
2900 23RD AVE S,44.94644,-93.239045
2900 24TH ST E,44.9593866,-93.2295999
2900 25TH ST E,44.9575831,-93.229662
2900 26TH AVE S,44.950042,-93.234875
2900 26TH ST E,44.9557676,-93.229719
2900 27TH AVE S,44.948742,-93.233295
2900 27TH ST E,44.95386,-93.229769
2900 28TH AVE S,44.950053,-93.231692
2900 29TH AVE S,44.9499948,-93.2303516
2900 29TH ST E,44.950258,-93.229806
2900 2ND ST N,45.010154,-93.2803044
2900 30TH AVE S,44.950053,-93.228499
2900 31ST AVE S,44.950049,-93.227179
2900 31ST ST E,44.946939,-93.229834
2900 32ND AVE S,44.9500307,-93.2259452
2900 33RD AVE S,44.9500144,-93.2246235
2900 34TH AVE S,44.9500075,-93.2231585
2900 35TH AVE S,44.9500125,-93.221972
2900 35TH ST E,44.939613,-93.230332
2900 36TH AVE S,44.9500188,-93.2206813
2900 38TH AVE S,44.9500163,-93.2181207
2900 38TH ST E,44.934169,-93.230676
2900 39TH AVE N,45.0257733,-93.2912084
2900 39TH AVE S,44.949971,-93.2168295
2900 39TH ST E,44.932379,-93.230672
2900 3RD AVE S,44.949938,-93.272957
2900 40TH AVE S,44.9499731,-93.2155714
2900 40TH ST W,44.9304776,-93.2840329
2900 41ST AVE S,44.9500109,-93.2142832
2900 42ND AVE S,44.9499641,-93.2130022
2900 42ND ST W,44.9268437,-93.2831161
2900 43RD AVE S,44.9499541,-93.2117586
2900 44TH AVE S,44.9500054,-93.2104648
2900 44TH ST E,44.9234324,-93.2306058
2900 45TH AVE S,44.9500206,-93.2091932
2900 46TH ST W,44.9196142,-93.2808945
2900 47TH AVE N,45.0402764,-93.2921823
2900 48TH ST W,44.9160089,-93.281207
2900 49TH ST E,44.914471,-93.230715
2900 4TH AVE S,44.949938,-93.270398
2900 4TH ST N,45.009641,-93.284773
2900 4TH ST SE,44.972204,-93.215282
2900 50TH ST E,44.912656,-93.230739
2900 58TH ST W,44.8978402,-93.2859282
2900 5TH AVE S,44.949936,-93.269123
2900 6TH ST N,45.009637,-93.286307
2900 ALDRICH AVE N,45.0185244,-93.2893042
2900 ALDRICH AVE S,44.949885,-93.289475
2900 BLAISDELL AVE,44.950193,-93.279792
2900 BLOOMINGTON AVE,44.949931,-93.252601
2900 BRYANT AVE N,44.9822005,-93.2908521
2900 BRYANT AVE S,44.9497541,-93.2908249
2900 BUCHANAN ST NE,45.020551,-93.239778
2900 CALIFORNIA ST NE,45.020646,-93.269233
2900 CEDAR AVE S,44.949927,-93.247516
2900 CLINTON AVE,44.949935,-93.271678
2900 COLFAX AVE N,44.9784965,-93.291569
2900 COLFAX AVE S,44.949885,-93.292014
2900 COMO AVE SE,,
2900 DORMAN AVE,44.949974,-93.208861
2900 DREW AVE S,44.949818,-93.326351
2900 DUPONT AVE S,44.949885,-93.293291
2900 EAST BDE MAKA SKA PKWY,44.948469,-93.305605
2900 ELLIOT AVE,44.9503038,-93.2615365
2900 EMERSON AVE N,45.0097108,-93.2940933
2900 EMERSON AVE S,44.949038,-93.29456
2900 EWING AVE S,44.9501818,-93.3265456
2900 FRANCE AVE S,44.949642,-93.328868
2900 FRANKLIN AVE E,44.962849,-93.22964
2900 FREMONT AVE N,45.009679,-93.295454
2900 FREMONT AVE S,44.949893,-93.295832
2900 GIRARD AVE N,44.9811013,-93.297165
2900 GIRARD AVE S,44.949135,-93.297115
2900 GLENWOOD AVE,44.9811917,-93.3170368
2900 GRAND ST NE,45.020601,-93.270485
2900 HENNEPIN AVE,44.949067,-93.2986708
2900 HENNEPIN AVE E,44.949067,-93.2986708
2900 HOLMES AVE S,44.9439481,-93.2996059
2900 HUMBOLDT AVE S,44.9491525,-93.3011093
2900 IRVING AVE N,44.9833756,-93.2994296
2900 IRVING AVE S,44.94914,-93.30223
2900 JAMES AVE N,44.9781679,-93.3007209
2900 JAMES AVE S,44.949142,-93.30351
2900 JOHNSON ST NE,45.020566,-93.23723
2900 KNOX AVE S,44.949145,-93.305117
2900 LAKE ST E,44.948454,-93.229829
2900 LAKE ST W,44.9505982,-93.310528
2900 LINCOLN ST NE,45.020558,-93.238497
2900 LOGAN AVE N,44.9784922,-93.3032752
2900 LYNDALE AVE N,45.0097501,-93.2876275
2900 LYNDALE AVE S,44.9495711,-93.2891289
2900 MIDTOWN GREENWAY E,44.9523406,-93.2441367
2900 MIDTOWN GREENWAY W,44.9487316,-93.3227503
2900 MORGAN AVE N,44.982385,-93.3045105
2900 NEWTON AVE N,44.982422,-93.3058342
2900 OLIVER AVE N,44.982708,-93.3070507
2900 PENN AVE N,44.9825103,-93.3083141
2900 PIERCE ST NE,45.020547,-93.241053
2900 PILLSBURY AVE,44.950622,-93.281451
2900 PLEASANT AVE,44.9496027,-93.2839394
2900 PLYMOUTH AVE N,44.991633,-93.317365
2900 PORTLAND AVE,44.949935,-93.267856
2900 QUEEN AVE N,44.9823724,-93.3097145
2900 RANDOLPH ST NE,45.020559,-93.271752
2900 RUSSELL AVE N,44.9823696,-93.311096
2900 THOMAS AVE N,44.980124,-93.3130666
2900 THOMAS AVE S,44.9500108,-93.3142509
2900 U OF M TRANSITWAY,,
2900 UPTON AVE N,45.009768,-93.314474
2900 WASHBURN AVE N,44.9789603,-93.3172609
2900 WEST BDE MAKA SKA PKWY,44.9375619,-93.3200949
2900 WEST RIVER PKWY S,,
2906 HENNEPIN AVE,44.9490481,-93.2984984
2910 MCNAIR AVE,45.0016907,-93.3172752
2920 CHICAGO AVE,44.9494962,-93.2627754
2920 EMERSON AVE S,44.9489258,-93.294562
2920 FREMONT AVE S,44.9494992,-93.2958358
2924 VINCENT AVE N,44.9789588,-93.3159851
2927 CHOWEN AVE S,44.9495104,-93.3248683
2941 LYNDALE AVE N,45.0107761,-93.2883231
2950 WEST RIVER PKWY,44.9495822,-93.2063105
2956 WEST RIVER PKWY S,,
2964 40TH ST W,44.9304776,-93.2840329
297 49TH ST W,44.9140932,-93.2829299
2970 WEST RIVER PKWY S,,
2974 34TH ST E,44.9414309,-93.2293323
2990 FRANCE AVE S,44.9487253,-93.329017
30 12TH ST S,44.9743887,-93.2802251
30 CHURCH ST SE,44.9768124,-93.2337794
30 EAST RIVER PKWY,44.9793153,-93.2390997
30 ISLAND AVE W,44.9873903,-93.2649909
30 SPRUCE PL,44.9724711,-93.2819
300 10TH AVE N,44.989416,-93.282008
300 10TH AVE SE,44.981783,-93.241939
300 10TH ST S,44.97223,-93.270357
300 11TH AVE S,44.974342,-93.254153
300 11TH AVE SE,44.981212,-93.240493
300 11TH ST S,44.971299,-93.271251
300 12TH AVE N,44.990966,-93.28307
300 12TH AVE NE,44.9996393,-93.2644067
300 12TH AVE SE,44.980665,-93.239115
300 12TH ST S,44.970352,-93.271993
300 13TH AVE NE,45.0007334,-93.2644434
300 13TH AVE SE,44.980123,-93.237701
300 14TH AVE NE,45.0018158,-93.2643888
300 14TH AVE SE,44.979942,-93.236015
300 14TH ST E,44.9689201,-93.2771453
300 15TH AVE NE,45.0028851,-93.264297
300 15TH AVE SE,44.979013,-93.234915
300 15TH ST E,44.9676805,-93.2773367
300 15TH ST W,44.9677299,-93.2825535
300 16TH AVE NE,45.004117,-93.262895
300 16TH AVE S,44.8998285,-93.2513645
300 16TH AVE SE,44.978453,-93.233512
300 17TH AVE NE,45.005212,-93.264414
300 17TH AVE SE,44.977924,-93.232231
300 18TH AVE SE,44.977354,-93.230805
300 18TH ST E,44.9653061,-93.2725427
300 19TH AVE NE,45.007389,-93.262905
300 19TH AVE S,44.9704762,-93.2460666
300 19TH AVE SE,44.9869734,-93.2255691
300 19TH ST E,44.964042,-93.271283
300 1ST AVE N,44.9775646,-93.277382
300 1ST AVE NE,44.988984,-93.256857
300 1ST ST N,44.986655,-93.270707
300 1ST ST S,44.9753317,-93.2432236
300 20TH AVE NE,45.008478,-93.262908
300 22ND AVE N,45.001579,-93.283566
300 22ND AVE NE,45.009968,-93.262965
300 22ND ST E,44.960978,-93.272577
300 22ND ST W,44.9608483,-93.3139294
300 23RD AVE NE,45.011,-93.264429
300 23RD AVE SE,44.974464,-93.223638
300 24TH AVE N,45.00376,-93.283553
300 24TH AVE NE,45.012087,-93.26291
300 24TH ST E,44.959289,-93.271327
300 24TH ST W,44.9591558,-93.3115983
300 25TH AVE N,45.004881,-93.283537
300 25TH AVE SE,44.9756645,-93.2190163
300 25TH ST E,44.957411,-93.272577
300 25TH ST W,44.9573952,-93.328806
300 26 1/2 AVE NE,45.0069363,-93.2447474
300 26TH AVE N,45.0059839,-93.3028631
300 26TH AVE NE,45.014906,-93.262926
300 26TH ST E,44.955614,-93.272592
300 26TH ST W,44.955622,-93.283141
300 27TH AVE N,45.007253,-93.283546
300 27TH AVE SE,44.972399,-93.218427
300 27TH ST W,44.953818,-93.283155
300 28TH AVE N,45.008528,-93.283545
300 28TH ST W,44.9519712,-93.314068
300 29TH AVE N,45.009603,-93.283553
300 29TH ST E,44.950143,-93.272666
300 2ND AVE N,44.982906,-93.272711
300 2ND AVE S,44.979533,-93.266456
300 2ND AVE SE,44.986318,-93.253196
300 2ND ST N,44.985499,-93.271384
300 2ND ST NE,44.990612,-93.260095
300 2ND ST S,44.981003,-93.263028
300 2ND ST SE,44.984577,-93.252655
300 30TH AVE N,45.010839,-93.283553
300 30TH AVE SE,44.970574,-93.21382
300 31ST AVE N,45.012056,-93.28353
300 31ST ST E,44.9466749,-93.2773003
300 31ST ST W,44.946677,-93.283208
300 32ND ST E,44.945056,-93.27138
300 32ND ST W,44.9450445,-93.3255344
300 33 1/2 ST W,44.9478279,-93.3269368
300 33RD ST E,44.943254,-93.272638
300 33RD ST W,44.943029,-93.283217
300 34TH ST W,44.9413245,-93.2956745
300 35TH AVE N,45.018576,-93.283621
300 35TH ST E,44.939633,-93.27258
300 35TH ST W,44.939611,-93.283232
300 36TH ST E,44.937839,-93.271288
300 36TH ST W,44.937803,-93.283232
300 37TH ST E,44.9359266,-93.246667
300 38TH ST E,44.934225,-93.272546
300 38TH ST W,44.934183,-93.28324
300 3RD AVE N,44.983495,-93.274116
300 3RD AVE NE,44.991056,-93.258021
300 3RD AVE S,44.978948,-93.265082
300 3RD AVE SE,44.985747,-93.251794
300 3RD ST N,44.984696,-93.274942
300 3RD ST S,44.979019,-93.264684
300 40TH ST W,44.9304776,-93.2840329
300 41ST ST E,44.928803,-93.27256
300 42ND ST W,44.926919,-93.283279
300 43RD ST E,44.925185,-93.272583
300 43RD ST W,44.925114,-93.283294
300 45TH ST E,44.921522,-93.2479288
300 46TH ST E,44.919766,-93.272648
300 46TH ST W,44.919682,-93.283317
300 47TH ST E,44.917954,-93.272663
300 4TH AVE NE,44.992266,-93.259147
300 4TH AVE S,44.978364,-93.263712
300 4TH AVE SE,44.98519,-93.25042
300 4TH ST NE,44.9921188,-93.2575846
300 4TH ST S,44.978051,-93.2655
300 4TH ST SE,44.986525,-93.251113
300 50TH ST E,44.912532,-93.27273
300 5TH AVE N,44.985237,-93.276117
300 5TH AVE NE,44.993581,-93.26004
300 5TH AVE S,44.977788,-93.262357
300 5TH AVE SE,44.984556,-93.248858
300 5TH ST N,44.98219,-93.276018
300 5TH ST NE,44.992088,-93.255788
300 5TH ST S,44.977078,-93.266309
300 5TH ST SE,44.987515,-93.25035
300 6TH AVE N,44.986037,-93.27724
300 6TH AVE NE,44.994357,-93.260567
300 6TH AVE SE,44.983997,-93.247487
300 6TH ST S,44.97612,-93.267125
300 6TH ST SE,44.9883449,-93.249551
300 7TH AVE N,44.98658,-93.277999
300 7TH AVE NE,44.995678,-93.261458
300 7TH AVE SE,44.983434,-93.246076
300 7TH ST N,44.980902,-93.278672
300 7TH ST S,44.975155,-93.267934
300 7TH ST SE,44.9893003,-93.2483753
300 8TH AVE NE,44.9966582,-93.2619029
300 8TH AVE SE,44.982881,-93.244685
300 8TH ST S,44.974192,-93.268754
300 8TH ST SE,44.9902192,-93.2474803
300 9TH AVE NE,44.997635,-93.262809
300 9TH AVE S,44.9721743,-93.2595831
300 9TH ST S,44.973194,-93.269552
300 9TH ST SE,44.991089,-93.246884
300 BORDER AVE N,44.980892,-93.2853223
300 BROADWAY ST NE,44.9984855,-93.2626037
300 BRYANT AVE N,44.980901,-93.290724
300 BUCHANAN ST NE,44.991619,-93.239823
300 CECIL ST SE,44.9598232,-93.2117596
300 CEDAR AVE S,44.971053,-93.247347
300 CEDAR LAKE RD S,44.9745311,-93.3073231
300 CENTRAL AVE SE,44.986872,-93.254689
300 CHICAGO AVE,44.976052,-93.25826
300 CHURCH ST SE,44.973545,-93.233943
300 DUPONT AVE N,44.9809391,-93.292896
300 EMERALD ST,44.966246,-93.2077432
300 ESSEX ST SE,44.9706068,-93.2207575
300 FRANKLIN AVE E,44.962774,-93.271295
300 FRANKLIN AVE W,44.9627513,-93.305952
300 FREMONT AVE N,44.980595,-93.295384
300 GIRARD AVE N,44.980788,-93.297035
300 GRAMERCY AVE N,44.9798325,-93.3016085
300 GROVELAND AVE,44.965172,-93.283986
300 HARRISON ST NE,44.991776,-93.247431
300 HARVARD ST SE,44.973541,-93.230427
300 HENNEPIN AVE,44.9805744,-93.270078
300 HENNEPIN AVE E,44.9728962,-93.2355784
300 HOOVER ST NE,44.992543,-93.217814
300 HUMBOLDT AVE N,44.9828517,-93.298195
300 JOHNSON ST NE,44.991616,-93.237254
300 KENWOOD PKWY,44.97,-93.290704
300 KNOX AVE N,44.981021,-93.301878
300 KNOX AVE S,44.965351,-93.3020095
300 LAKE ST E,44.948435,-93.272684
300 LAKE ST W,44.9505982,-93.310528
300 LINCOLN ST NE,45.0365351,-93.2383998
300 LOGAN AVE N,44.979985,-93.303023
300 LOWRY AVE N,45.0130808,-93.279805
300 LOWRY AVE NE,45.013075,-93.264444
300 MADISON ST NE,44.993242,-93.253733
300 MAIN ST NE,44.990112,-93.261533
300 MAIN ST SE,44.9833336,-93.2527657
300 MARKET ST,44.9803398,-93.2896029
300 MARQUETTE AVE,44.980121,-93.267835
300 MIDTOWN GREENWAY E,44.9523406,-93.2441367
300 MIDTOWN GREENWAY W,44.9487316,-93.3227503
300 MONROE ST NE,44.99347,-93.252576
300 MORGAN AVE N,44.97992,-93.304388
300 NEWTON AVE N,44.979913,-93.306188
300 NICOLLET MALL,44.9801673,-93.2699568
300 NORM MCGREW PL,44.97548,-93.256894
300 OAK ST SE,44.973542,-93.227223
300 ONTARIO ST SE,44.973096,-93.225793
300 PARK AVE,44.976628,-93.259642
300 PENN AVE N,44.9799553,-93.3080445
300 PIERCE ST NE,44.991621,-93.241089
300 PILLSBURY DR SE,44.9771372,-93.2348387
300 PLYMOUTH AVE N,44.99205,-93.283114
300 POLK ST NE,45.0369529,-93.2421933
300 PORTLAND AVE,44.977206,-93.260993
300 QUEEN AVE N,44.98085,-93.30959
300 QUINCY ST NE,44.993874,-93.251275
300 RUSSELL AVE N,44.980854,-93.310978
300 SAINT ANTHONY AVE,,
300 TAFT ST NE,44.992479,-93.224233
300 UNIVERSITY AVE NE,45.0374593,-93.2627274
300 UNIVERSITY AVE SE,44.9691552,-93.2104315
300 WALNUT ST,44.972678,-93.228802
300 WASHINGTON AVE N,45.02765,-93.284866
3000 10TH AVE S,44.948236,-93.260232
3000 11TH AVE S,44.9481098,-93.2592876
3000 12TH AVE S,44.94824,-93.257699
3000 13TH AVE S,44.948235,-93.256432
3000 14TH AVE S,44.9548121,-93.254992
3000 15TH AVE S,44.948241,-93.2539
3000 16TH AVE S,44.948245,-93.25133
3000 18TH AVE S,44.948247,-93.248796
3000 19TH AVE S,44.948248,-93.244996
3000 1ST AVE S,44.948229,-93.276795
3000 20TH AVE S,44.948249,-93.24373
3000 21ST AVE S,44.948248,-93.242463
3000 22ND AVE S,44.94731,-93.240751
3000 23RD AVE S,44.9459185,-93.2390403
3000 25TH ST E,44.9575943,-93.2280819
3000 26TH ST E,44.9557792,-93.2281222
3000 27TH AVE S,44.948249,-93.233302
3000 28TH ST E,44.952056,-93.228198
3000 28TH ST W,44.952091,-93.317455
3000 29TH AVE S,44.948249,-93.230119
3000 2ND ST N,45.010887,-93.28037
3000 30TH AVE S,44.948249,-93.228555
3000 31ST AVE S,44.948249,-93.227197
3000 31ST ST E,44.94745,-93.231706
3000 33RD AVE S,44.948245,-93.224443
3000 34TH AVE S,44.948245,-93.223062
3000 35TH ST E,44.939615,-93.229388
3000 36TH AVE S,44.948239,-93.220499
3000 37TH AVE S,44.948236,-93.219225
3000 38TH AVE S,44.948233,-93.21795
3000 3RD AVE S,44.948229,-93.272972
3000 40TH AVE S,44.948234,-93.215387
3000 40TH ST W,44.930574,-93.317831
3000 41ST AVE S,44.948233,-93.214106
3000 42ND AVE S,44.94823,-93.212839
3000 43RD ST W,44.9252099,-93.3177052
3000 44TH AVE S,44.948226,-93.210284
3000 45TH ST E,44.92155,-93.228155
3000 46TH AVE S,44.948229,-93.207741
3000 47TH ST E,44.91801,-93.228167
3000 4TH AVE S,44.948229,-93.270423
3000 4TH ST SE,44.971363,-93.213153
3000 50TH ST W,44.912524,-93.317747
3000 52ND ST W,44.908912,-93.317731
3000 55TH ST W,44.903512,-93.317699
3000 56TH ST E,44.901801,-93.229624
3000 57TH ST W,44.899884,-93.317722
3000 5TH ST SE,44.9870542,-93.2490033
3000 61ST ST W,44.892674,-93.31773
3000 9TH ST S,44.9744135,-93.272527
3000 ALDRICH AVE N,44.9822183,-93.2895552
3000 ALDRICH AVE S,44.948241,-93.289492
3000 BLAISDELL AVE,44.948232,-93.279816
3000 BLOOMINGTON AVE,44.94824,-93.252618
3000 BRYANT AVE S,44.948241,-93.290766
3000 CALIFORNIA ST NE,45.024096,-93.269173
3000 CEDAR AVE S,44.948249,-93.24753
3000 CHICAGO AVE,44.948233,-93.262787
3000 CLINTON AVE,44.948229,-93.271713
3000 COLFAX AVE N,44.9784965,-93.291569
3000 COLFAX AVE S,44.948237,-93.292025
3000 COLUMBIA AVE,45.022295,-93.273002
3000 COLUMBUS AVE,44.948231,-93.264069
3000 DORMAN AVE,44.9522525,-93.2121098
3000 DREW AVE S,44.948289,-93.326379
3000 DUPONT AVE N,44.9809493,-93.2930242
3000 DUPONT AVE S,44.948237,-93.293299
3000 EAST BDE MAKA SKA PKWY,44.9484246,-93.3066308
3000 ELLIOT AVE,44.948234,-93.261498
3000 EMERSON AVE N,45.0114808,-93.2941065
3000 EMERSON AVE S,44.948241,-93.294573
3000 EWING AVE S,44.947719,-93.327688
3000 EXCELSIOR BLVD,44.947243,-93.321317
3000 FINDLEY PL,44.9450004,-93.2805459
3000 FRANKLIN AVE E,44.962855,-93.228007
3000 FREMONT AVE N,45.011474,-93.295451
3000 FREMONT AVE S,44.948241,-93.295849
3000 GARFIELD AVE,44.948241,-93.286944
3000 GIRARD AVE N,44.9811013,-93.297165
3000 GIRARD AVE S,44.9138834,-93.2972082
3000 GRAND AVE S,44.948237,-93.28441
3000 GRAND ST NE,45.022383,-93.27047
3000 HARRIET AVE,44.948238,-93.28567
3000 HENNEPIN AVE,44.9704938,-93.2145804
3000 HOLMES AVE S,44.948241,-93.299671
3000 HUMBOLDT AVE N,44.9828517,-93.298195
3000 HUMBOLDT AVE S,44.948247,-93.300952
3000 IRVING AVE N,44.9833756,-93.2994296
3000 IRVING AVE S,44.94825,-93.302233
3000 JAMES AVE N,44.9781679,-93.3007209
3000 JAMES AVE S,44.9481848,-93.3036843
3000 JOHNSON ST NE,45.022382,-93.237235
3000 KNOX AVE N,44.9824849,-93.301986
3000 KNOX AVE S,44.948253,-93.304789
3000 LAKE SHORE DR,,
3000 LAKE ST E,44.948454,-93.228227
3000 LAKE ST W,44.948538,-93.318706
3000 LONGFELLOW AVE,44.948244,-93.246248
3000 LYNDALE AVE S,44.948241,-93.288211
3000 MARKET PLZA,44.948235,-93.320768
3000 MCKINLEY ST NE,45.022404,-93.228255
3000 MIDTOWN GREENWAY E,44.9523406,-93.2441367
3000 MIDTOWN GREENWAY W,44.9487316,-93.3227503
3000 MINNEHAHA AVE,44.9480748,-93.2348218
3000 MORGAN AVE N,44.982385,-93.3045105
3000 NEWTON AVE N,44.982422,-93.3058342
3000 NICOLLET AVE,44.948229,-93.278062
3000 OAKLAND AVE,44.948229,-93.266616
3000 OLIVER AVE N,45.0537284,-93.3075663
3000 PARK AVE,44.948229,-93.265329
3000 PENN AVE N,44.9825103,-93.3083141
3000 PILLSBURY AVE,44.948234,-93.281474
3000 PLEASANT AVE,44.948236,-93.283129
3000 POLK ST NE,45.0223472,-93.2451234
3000 PORTLAND AVE,44.948229,-93.267875
3000 QUEEN AVE N,44.9823724,-93.3097145
3000 RANDOLPH ST NE,45.022337,-93.271737
3000 RUSSELL AVE N,44.9823696,-93.311096
3000 SNELLING AVE,44.9481418,-93.2363996
3000 THOMAS AVE N,44.980124,-93.3130666
3000 TYLER ST NE,45.0223388,-93.2463713
3000 U OF M TRANSITWAY,,
3000 UPTON AVE N,45.011574,-93.314478
3000 VINCENT AVE N,44.9789588,-93.3159851
3000 WASHBURN AVE N,44.9789603,-93.3172609
3000 WEEKS AVE SE,,
3000 WEST BDE MAKA SKA PKWY,44.9481264,-93.306434
3001 LYNDALE AVE N,45.011464,-93.288118
301 9TH AVE SE,44.9866818,-93.2400516
3010 FRANCE AVE S,44.9476404,-93.3289741
3019 LAKE SHORE DR,,
3022 19TH AVE S,44.947366,-93.244992
3022 42ND ST E,44.926962,-93.2279219
3022 52ND ST E,44.9090626,-93.2289843
3024 35TH ST E,44.9396168,-93.2280837
3024 51ST ST E,44.9108743,-93.2289757
3024 56TH ST E,44.9018102,-93.228342
3042 EXCELSIOR BLVD,44.9468288,-93.321748
3050 29TH ST W,44.9513272,-93.3180234
3050 ABBOTT AVE S,44.9467913,-93.3236539
3050 BDE MAKA SKA BLVD W,44.9459565,-93.3208834
3050 MINNEHAHA AVE,44.9465801,-93.2331084
3059 LYNDALE AVE N,45.0120668,-93.2881213
3060 38TH ST E,44.9341191,-93.2355047
310 16TH ST E,44.9672252,-93.2771462
3100 11TH AVE S,44.9464074,-93.2591204
3100 12TH AVE S,44.946428,-93.257683
3100 13TH AVE S,44.9464333,-93.2565567
3100 14TH AVE S,44.9464159,-93.2553184
3100 15TH AVE S,44.9464262,-93.254021
3100 17TH AVE S,44.9464029,-93.2502371
3100 18TH AVE S,44.9464362,-93.2489505
3100 19TH AVE S,44.946444,-93.244988
3100 1ST AVE S,44.946528,-93.276783
3100 22ND AVE S,44.9464055,-93.2409099
3100 22ND ST E,44.9612134,-93.226703
3100 23RD AVE S,44.9464491,-93.2392312
3100 24TH ST E,44.9594031,-93.2267419
3100 25TH ST E,44.957479,-93.226793
3100 28TH ST E,44.9525149,-93.224975
3100 28TH ST W,44.952103,-93.318791
3100 29TH AVE S,44.946733,-93.230123
3100 29TH ST E,44.950254,-93.226888
3100 2ND ST N,45.012103,-93.280478
3100 30TH AVE S,44.946735,-93.228554
3100 32ND AVE S,44.946723,-93.225828
3100 34TH AVE S,44.94671,-93.223062
3100 35TH AVE S,44.9466567,-93.2219525
3100 36TH AVE S,44.946638,-93.2206876
3100 37TH AVE S,44.9466621,-93.2193994
3100 38TH ST E,44.934141,-93.256872
3100 38TH ST W,44.9341911,-93.3325667
3100 39TH AVE N,45.0257733,-93.2912084
3100 3RD AVE S,44.946531,-93.27295
3100 40TH ST W,44.930575,-93.318998
3100 41ST ST E,44.92878,-93.226864
3100 42ND AVE S,44.9466968,-93.2130439
3100 42ND ST E,44.926964,-93.226864
3100 42ND ST W,44.92697,-93.319022
3100 43RD AVE S,44.9466667,-93.2117124
3100 43RD ST E,44.925155,-93.22687
3100 43RD ST W,44.925197,-93.319044
3100 44TH ST W,44.923418,-93.319075
3100 45TH AVE N,45.0365613,-93.2934619
3100 45TH AVE S,44.946685,-93.208864
3100 46TH ST E,44.91973,-93.226893
3100 47TH AVE S,44.946613,-93.2064973
3100 4TH AVE S,44.946537,-93.2704
3100 4TH ST SE,44.970831,-93.212122
3100 51ST ST W,44.910724,-93.319021
3100 53RD ST W,44.907134,-93.319005
3100 58TH ST E,44.898195,-93.227106
3100 5TH AVE S,44.946529,-93.2692981
3100 6TH ST N,45.012095,-93.286307
3100 ALDRICH AVE S,44.946486,-93.289515
3100 BLAISDELL AVE,44.946479,-93.279824
3100 BLOOMINGTON AVE,44.946371,-93.2528188
3100 BRYANT AVE S,44.946481,-93.290777
3100 BUCHANAN ST NE,45.02421,-93.239792
3100 CALIFORNIA ST NE,45.0149846,-93.2689296
3100 CEDAR AVE S,44.946459,-93.2476507
3100 CHICAGO AVE,44.946435,-93.262775
3100 CHOWEN AVE S,44.9285275,-93.3252168
3100 CLINTON AVE,44.946534,-93.27169
3100 COLFAX AVE N,44.9784965,-93.291569
3100 COLFAX AVE S,44.9464175,-93.2922591
3100 COLUMBUS AVE,44.946558,-93.264045
3100 DEAN CT,44.9510537,-93.3184534
3100 DUPONT AVE N,44.9809493,-93.2930242
3100 DUPONT AVE S,44.946471,-93.293318
3100 EAST BDE MAKA SKA PKWY,44.9403255,-93.3037378
3100 ELLIOT AVE,44.9464077,-93.2616693
3100 EMERSON AVE S,44.946466,-93.294588
3100 FRANCE AVE S,44.946494,-93.328988
3100 FREMONT AVE S,44.946461,-93.295873
3100 GARFIELD AVE,44.946482,-93.286963
3100 GIRARD AVE S,44.946456,-93.297145
3100 GLENWOOD AVE,44.9790091,-93.2824149
3100 GRAND AVE S,44.9462803,-93.284552
3100 HARRIET AVE,44.946479,-93.285685
3100 HENNEPIN AVE,44.9462922,-93.2986909
3100 HENNEPIN AVE E,44.9462922,-93.2986909
3100 HOLMES AVE S,44.9464102,-93.2998899
3100 HUMBOLDT AVE S,44.9464396,-93.3011585
3100 IRVING AVE S,44.946469,-93.302253
3100 JAMES AVE S,44.9464294,-93.3037242
3100 JOHNSON ST NE,45.024218,-93.237238
3100 LAKE ST E,44.948454,-93.226907
3100 LAKE ST W,44.9489321,-93.3182037
3100 LYNDALE AVE S,44.94649,-93.288233
3100 MIDTOWN GREENWAY W,44.9487316,-93.3227503
3100 NICOLLET AVE,44.944888,-93.278055
3100 NORTH WAYZATA BLVD,44.9704507,-93.3146098
3100 OAKLAND AVE,44.946558,-93.266595
3100 PARK AVE,44.9464177,-93.2656521
3100 PILLSBURY AVE,44.946475,-93.281484
3100 PLEASANT AVE,44.946471,-93.283151
3100 PORTLAND AVE,44.9465284,-93.2681239
3100 U OF M TRANSITWAY,,
3100 WEENONAH PL,44.9101343,-93.2269348
3101 LYNDALE AVE N,45.012345,-93.288126
3113 DEAN CT,44.950754,-93.3199031
3121 EXCELSIOR BLVD,44.9463264,-93.3219306
3126 36TH ST E,44.9378089,-93.2262269
3130 14TH AVE S,44.9462473,-93.2551599
314 QUEEN AVE N,44.9809369,-93.3095883
3141 EXCELSIOR BLVD,44.9454014,-93.3230637
316 CEDAR LAKE RD N,44.9798231,-93.2999012
3175 WEST RIVER PKWY,44.9458479,-93.2035273
318 CEDAR LAKE RD S,44.9743756,-93.3073383
3181 GLENWOOD AVE,44.979072,-93.2780444
3196 NICOLLET AVE,44.9448194,-93.278055
32 CLARENCE AVE SE,44.9673933,-93.2110002
320 18TH ST E,44.9653002,-93.2717992
320 HARDING ST NE,44.9918451,-93.2214094
320 ROOSEVELT ST NE,44.992634,-93.2255164
320 TAFT ST NE,44.9926468,-93.2242362
320 WEST BROADWAY,44.999056,-93.284142
3200 10TH AVE S,44.9446222,-93.2603907
3200 14TH AVE S,44.944628,-93.255143
3200 15TH AVE S,44.9446156,-93.2540694
3200 16TH AVE S,44.9445721,-93.2514733
3200 17TH AVE S,44.9445683,-93.2502563
3200 1ST AVE S,44.9448103,-93.2770411
3200 20TH AVE S,44.944635,-93.243713
3200 21ST AVE S,44.9445741,-93.242664
3200 22ND ST E,44.9609773,-93.2323544
3200 23RD AVE S,44.9445925,-93.239224
3200 24TH AVE S,44.9446123,-93.2374869
3200 24TH ST E,44.9593613,-93.225268
3200 25TH ST E,44.9576184,-93.2252185
3200 26TH ST E,44.95567,-93.225305
3200 29TH AVE S,44.944854,-93.230125
3200 29TH ST E,44.950253,-93.225515
3200 2ND ST N,45.013243,-93.280679
3200 30TH AVE S,44.944851,-93.228546
3200 31ST AVE S,44.9448061,-93.2273871
3200 31ST ST E,44.946928,-93.225537
3200 33RD ST E,44.943253,-93.225527
3200 34TH AVE S,44.944869,-93.223063
3200 35TH AVE S,44.9448922,-93.2219438
3200 36TH AVE S,44.9448901,-93.2206926
3200 36TH ST E,44.937818,-93.225513
3200 36TH ST W,44.937824,-93.32008
3200 38TH AVE S,44.9449238,-93.2181565
3200 39TH AVE S,44.9449008,-93.2168503
3200 39TH ST E,44.932393,-93.225133
3200 41ST ST W,44.928772,-93.320288
3200 42ND ST E,44.926979,-93.225497
3200 42ND ST W,44.926972,-93.320294
3200 43RD AVE S,44.9449602,-93.2117272
3200 43RD ST E,44.925165,-93.225505
3200 43RD ST W,44.9252,-93.320318
3200 44TH AVE S,44.944966,-93.2103296
3200 45TH AVE S,44.944958,-93.208834
3200 45TH ST W,44.921607,-93.320337
3200 46TH ST E,44.919738,-93.225512
3200 47TH AVE S,44.944964,-93.206477
3200 47TH ST W,44.917987,-93.320325
3200 49TH ST W,44.914358,-93.320307
3200 4TH ST N,45.0133355,-93.2846651
3200 52ND ST E,44.9092358,-93.2253935
3200 52ND ST W,44.908931,-93.320271
3200 5TH AVE S,44.9448362,-93.2692998
3200 5TH ST SE,44.9870542,-93.2490033
3200 6TH ST N,45.0483941,-93.2876583
3200 ALDRICH AVE N,45.013242,-93.28916
3200 ALDRICH AVE S,44.944606,-93.289546
3200 BENJAMIN ST NE,45.0260589,-93.2297483
3200 BLAISDELL AVE,44.8998867,-93.2793759
3200 BLOOMINGTON AVE,44.9445879,-93.2527981
3200 BRYANT AVE S,44.9446016,-93.2908295
3200 BUCHANAN ST NE,45.0260071,-93.2400144
3200 CEDAR AVE S,44.9446028,-93.2477549
3200 CEDAR LAKE PKWY,44.9572395,-93.3270454
3200 CHICAGO AVE,44.9445996,-93.2628597
3200 CLEVELAND ST NE,45.0260624,-93.2310428
3200 CLINTON AVE,44.944849,-93.271667
3200 COLFAX AVE N,44.9784965,-93.291569
3200 COLFAX AVE S,44.9445828,-93.2922615
3200 COLUMBUS AVE,44.9446,-93.264024
3200 DUPONT AVE S,44.944591,-93.293338
3200 EAST BDE MAKA SKA PKWY,44.9403255,-93.3037378
3200 EDMUND BLVD,44.944972,-93.203917
3200 ELLIOT AVE,44.9446195,-93.2616458
3200 EMERSON AVE N,45.01361,-93.294198
3200 EMERSON AVE S,44.944584,-93.294612
3200 EXCELSIOR BLVD,44.94495,-93.323575
3200 FRANCE AVE S,44.9197444,-93.3291172
3200 FREMONT AVE N,45.013616,-93.295464
3200 FREMONT AVE S,44.944579,-93.295886
3200 GARFIELD AVE,44.944622,-93.286976
3200 GIRARD AVE N,44.9811013,-93.297165
3200 GIRARD AVE S,44.944574,-93.297161
3200 GRAND AVE S,44.944621,-93.284419
3200 HARRIET AVE,44.944621,-93.285699
3200 HENNEPIN AVE,45.0133121,-93.2814221
3200 HOLMES AVE S,44.9445854,-93.299906
3200 HUMBOLDT AVE N,44.9828517,-93.298195
3200 HUMBOLDT AVE S,44.944574,-93.3011687
3200 IRVING AVE N,44.9833756,-93.2994296
3200 IRVING AVE S,44.9445748,-93.3024391
3200 JAMES AVE N,44.9781679,-93.3007209
3200 JOHNSON ST NE,45.025972,-93.237234
3200 LAKE ST E,44.948455,-93.225542
3200 LAKE ST W,44.9487305,-93.3199569
3200 LINCOLN ST NE,45.0260319,-93.2387133
3200 LONGFELLOW AVE,44.944633,-93.246238
3200 LYNDALE AVE N,45.013235,-93.287894
3200 LYNDALE AVE S,44.9444623,-93.2887416
3200 MIDTOWN GREENWAY W,44.9487316,-93.3227503
3200 MINNEHAHA AVE,44.944867,-93.231843
3200 MORGAN AVE N,44.982385,-93.3045105
3200 NEWTON AVE N,44.982422,-93.3058342
3200 NICOLLET AVE,44.944624,-93.278054
3200 OAKLAND AVE,44.9448338,-93.2667736
3200 OLIVER AVE N,45.0537284,-93.3075663
3200 PENN AVE N,44.9825103,-93.3083141
3200 PIERCE ST NE,45.025956,-93.241076
3200 PILLSBURY AVE,44.944621,-93.281488
3200 PLEASANT AVE,44.944621,-93.283159
3200 PORTLAND AVE,44.9448524,-93.2683131
3200 ROSE LN,44.940308,-93.320469
3200 SHERIDAN AVE N,44.9833538,-93.3121404
3200 SNELLING AVE,44.944612,-93.233413
3200 STINSON BLVD,45.0040375,-93.226871
3200 THOMAS AVE N,44.980124,-93.3130666
3200 ULYSSES ST NE,45.0260045,-93.2361814
3200 UNIVERSITY AVE NE,45.0374593,-93.2627274
3200 VINCENT AVE N,44.9789588,-93.3159851
3200 WEST BDE MAKA SKA PKWY,44.9446741,-93.32034
3200 ZENITH AVE S,44.944827,-93.322115
3201 PARK AVE,44.944599,-93.265072
321 RIDGEWOOD AVE,44.9636421,-93.2835794
322 KNOX AVE N,44.9811225,-93.3018776
322 LOGAN AVE N,44.9809711,-93.3031509
322 MORGAN AVE N,44.98067,-93.304388
322 NEWTON AVE N,44.9809076,-93.3057069
3220 WEST BDE MAKA SKA PKWY,44.9442217,-93.3203172
3230 37TH ST E,44.9359885,-93.2263643
3230 4TH ST SE,44.9695372,-93.2090175
324 14TH AVE NE,45.001913,-93.2634113
324 15TH AVE NE,45.0029967,-93.2626104
324 16TH AVE NE,45.0041163,-93.2626104
324 17TH AVE NE,45.0053718,-93.2636688
324 18TH AVE NE,45.0063065,-93.2627749
324 19TH AVE NE,45.007389,-93.2626172
324 19TH ST E,44.9640419,-93.2711712
324 20TH AVE NE,45.008642,-93.2641537
324 23RD AVE NE,45.0110026,-93.2634253
324 24TH AVE NE,45.012087,-93.2626198
324 24TH ST E,44.9591255,-93.2723658
324 25TH ST E,44.9574108,-93.2723559
324 26TH AVE NE,45.0159607,-93.2641652
324 26TH ST E,44.9556138,-93.2723672
324 28TH ST E,44.952021,-93.2713025
324 29TH ST E,44.9501411,-93.2713392
324 32ND ST E,44.9450567,-93.2711493
324 34TH ST E,44.9414512,-93.2712707
324 35TH ST E,44.9402904,-93.2717958
324 36TH ST E,44.9378402,-93.2710576
324 38TH ST E,44.934225,-93.2717326
324 39TH ST E,44.93243,-93.271258
324 46TH ST E,44.9197687,-93.2724173
324 47TH ST E,44.9179623,-93.2719685
324 53RD ST E,44.9075949,-93.2367131
324 FILLMORE ST NE,44.9922533,-93.2423753
324 FRANKLIN AVE E,44.962774,-93.2711818
324 LAKE ST E,44.948435,-93.2713549
324 LOWRY AVE NE,45.013079,-93.262768
324 MIDTOWN GREENWAY E,44.9523406,-93.2441367
3248 NICOLLET AVE,44.9439603,-93.2780476
3260 MINNEHAHA AVE,44.9431763,-93.2307499
329 13TH AVE NE,45.000983,-93.263258
33 12TH ST N,44.978183,-93.2814832
330 22ND AVE NE,45.0099125,-93.2625921
330 31ST ST E,44.9466749,-93.2773003
330 33RD ST E,44.9432523,-93.2712362
330 GRANT ST E,44.969868,-93.2754103
3300 10TH AVE S,44.9430641,-93.2603845
3300 14TH AVE S,44.9428,-93.255135
3300 15TH AVE S,44.9428145,-93.2540337
3300 16TH AVE S,44.942804,-93.251313
3300 17TH AVE S,44.9427974,-93.2502373
3300 18TH AVE S,44.942808,-93.248786
3300 19TH AVE S,44.942814,-93.244955
3300 1ST AVE S,44.9430121,-93.2769355
3300 23RD AVE S,44.942819,-93.2392644
3300 24TH ST E,44.9594235,-93.2237535
3300 25TH ST E,44.9575897,-93.2237798
3300 28TH ST E,44.952059,-93.224107
3300 29TH ST E,44.950252,-93.22413
3300 2ND ST N,45.015021,-93.280824
3300 31ST AVE S,44.943037,-93.227166
3300 32ND AVE S,44.943046,-93.225815
3300 32ND ST W,44.9450205,-93.3214989
3300 34 1/2 ST W,,
3300 34TH ST E,44.941461,-93.224146
3300 35TH AVE S,44.9430903,-93.221967
3300 36TH AVE S,44.9430736,-93.2208864
3300 36TH ST E,44.937834,-93.22414
3300 36TH ST W,44.937835,-93.321782
3300 37TH AVE S,44.9431141,-93.2194068
3300 37TH ST E,44.935796,-93.224889
3300 38TH AVE S,44.943106,-93.2181649
3300 38TH ST E,44.934141,-93.256872
3300 39TH ST E,44.932406,-93.224185
3300 3RD AVE S,44.943047,-93.272925
3300 40TH AVE S,44.9431243,-93.215596
3300 40TH ST W,44.930591,-93.321561
3300 41ST AVE S,44.9431622,-93.214263
3300 41ST ST E,44.928799,-93.223636
3300 42ND AVE S,44.9431704,-93.2130365
3300 42ND ST W,44.926982,-93.321584
3300 44TH ST W,44.9234603,-93.3216827
3300 45TH ST E,44.921566,-93.224131
3300 45TH ST W,44.921608,-93.321612
3300 46TH ST E,44.91975,-93.224132
3300 46TH ST W,44.919802,-93.321608
3300 47TH ST W,44.917991,-93.321599
3300 48TH AVE S,44.9432098,-93.2054414
3300 49TH ST E,44.914481,-93.224091
3300 4TH AVE S,44.943047,-93.270354
3300 4TH ST N,45.015019,-93.28485
3300 50TH ST E,44.9129046,-93.2240587
3300 52ND ST E,44.9092627,-93.2240251
3300 53RD ST W,44.907149,-93.321535
3300 56TH ST E,44.901832,-93.2242
3300 58TH ST E,44.8981975,-93.2235631
3300 5TH AVE S,44.943048,-93.269073
3300 6TH ST N,45.015019,-93.286375
3300 ALDRICH AVE S,44.942809,-93.289558
3300 ARTHUR ST NE,45.027823,-93.232131
3300 BLAISDELL AVE,44.942763,-93.2800699
3300 BLOOMINGTON AVE,44.9427846,-93.2527604
3300 BRYANT AVE N,44.9822005,-93.2908521
3300 BRYANT AVE S,44.942805,-93.290825
3300 CEDAR AVE S,44.9428099,-93.2477092
3300 CHICAGO AVE,44.943052,-93.26272
3300 CLINTON AVE,44.943044,-93.271643
3300 COLFAX AVE S,44.942803,-93.292092
3300 COLUMBUS AVE,44.943053,-93.263991
3300 DUPONT AVE N,44.9809493,-93.2930242
3300 DUPONT AVE S,44.942798,-93.293358
3300 EAST BDE MAKA SKA PKWY,44.9403255,-93.3037378
3300 ELLIOT AVE,44.943053,-93.261448
3300 EMERSON AVE S,44.942794,-93.294628
3300 FRANCE AVE S,44.9197444,-93.3291172
3300 FREMONT AVE N,45.015081,-93.29547
3300 FREMONT AVE S,44.942787,-93.295907
3300 GARFIELD AVE,44.942813,-93.287004
3300 GARFIELD ST NE,45.027811,-93.2334
3300 GIRARD AVE N,44.9811013,-93.297165
3300 GIRARD AVE S,44.942779,-93.297185
3300 HARRIET AVE,44.942824,-93.285708
3300 HENNEPIN AVE,44.9428001,-93.2986227
3300 HOLMES AVE S,44.9427951,-93.2998989
3300 HUMBOLDT AVE N,44.9828517,-93.298195
3300 HUMBOLDT AVE S,44.943057,-93.300999
3300 IRVING AVE N,44.9833756,-93.2994296
3300 IRVING AVE S,44.9429609,-93.3024599
3300 IVY LN,44.9444488,-93.3208577
3300 KNOX AVE N,44.9824849,-93.301986
3300 LAKE ST E,44.9486078,-93.2240812
3300 LYNDALE AVE N,45.015019,-93.287901
3300 LYNDALE AVE S,44.942805,-93.2884639
3300 MAIN ST NE,45.027742,-93.266376
3300 MINNEHAHA AVE,44.942651,-93.2306211
3300 MORGAN AVE N,44.982385,-93.3045105
3300 NICOLLET AVE,44.942808,-93.278039
3300 PARK AVE,44.9430416,-93.2655237
3300 PENN AVE N,44.9825103,-93.3083141
3300 PILLSBURY AVE,44.942817,-93.281496
3300 PLEASANT AVE,44.9632177,-93.2833699
3300 QUEEN AVE N,44.9823724,-93.3097145
3300 RUSSELL AVE N,44.9823696,-93.311096
3300 SAINT PAUL AVE,44.9525448,-93.321079
3300 SHERIDAN AVE N,44.9833538,-93.3121404
3300 UPTON AVE N,45.0152058,-93.3143496
3305 HUMBOLDT AVE S,44.9427268,-93.3007653
3314 MINNEHAHA AVE,44.942361,-93.229994
332 12TH ST S,44.9702782,-93.2718565
3320 GRAND AVE S,44.9422431,-93.2846029
3320 SAINT LOUIS AVE,44.9502286,-93.3225564
3324 32ND ST W,44.9450222,-93.321705
3324 PROSPECT TERR,44.9681133,-93.2098993
34 27TH AVE NE,45.016714,-93.271081
340 44TH ST E,44.9232648,-93.2269881
3400 10TH AVE S,44.941128,-93.2603542
3400 15TH AVE S,44.9412871,-93.2547478
3400 16TH AVE S,44.9411825,-93.2514618
3400 17TH AVE S,44.9412101,-93.2502319
3400 19TH AVE S,44.9411975,-93.2451566
3400 2 1/2 ST NE,45.030599,-93.265258
3400 22ND AVE S,44.941219,-93.2407
3400 24TH AVE S,44.941221,-93.237329
3400 25TH AVE S,44.941225,-93.236062
3400 25TH ST E,44.957409,-93.271326
3400 26TH AVE S,44.941221,-93.23478
3400 26TH ST E,44.9557482,-93.2223001
3400 29TH ST E,44.950251,-93.222753
3400 31ST AVE S,44.941234,-93.227159
3400 31ST ST E,44.9466749,-93.2773003
3400 31ST ST W,44.947746,-93.323867
3400 32ND AVE S,44.941243,-93.225809
3400 32ND ST W,44.9450414,-93.3225554
3400 33RD ST E,44.943271,-93.222784
3400 34TH AVE S,44.941263,-93.223076
3400 34TH ST E,44.9413692,-93.2048123
3400 36TH AVE S,44.9412625,-93.2207271
3400 36TH ST E,44.937851,-93.222774
3400 37TH ST E,44.9359266,-93.246667
3400 38TH AVE S,44.941302,-93.217966
3400 38TH ST E,44.934141,-93.256872
3400 38TH ST W,44.9340979,-93.284034
3400 39TH ST E,44.93243,-93.222436
3400 3RD AVE S,44.9412046,-93.273124
3400 40TH ST E,44.930626,-93.222873
3400 43RD ST E,44.925194,-93.222199
3400 43RD ST W,44.925033,-93.2831191
3400 44TH ST W,44.9231985,-93.2925335
3400 45TH ST E,44.921522,-93.2479288
3400 45TH ST W,44.921609,-93.322889
3400 46TH ST E,44.919768,-93.2466911
3400 46TH ST W,44.9196142,-93.2808945
3400 48TH ST W,44.9160089,-93.281207
3400 49TH ST E,44.914474,-93.222666
3400 4TH AVE S,44.941248,-93.270317
3400 50TH ST E,44.912696,-93.222666
3400 ALDRICH AVE N,45.016829,-93.289161
3400 ALDRICH AVE S,44.941175,-93.2897342
3400 BLAISDELL AVE,44.941187,-93.2800902
3400 BLOOMINGTON AVE,44.9412232,-93.2526988
3400 BRYANT AVE S,44.9411695,-93.2909842
3400 CEDAR AVE S,44.9412054,-93.2476904
3400 CHICAGO AVE,44.9411999,-93.2629393
3400 COLFAX AVE N,44.9784965,-93.291569
3400 COLFAX AVE S,44.9411647,-93.2922874
3400 COLUMBUS AVE,44.9412211,-93.2641536
3400 DUPONT AVE N,44.9809493,-93.2930242
3400 DUPONT AVE S,44.9408472,-93.2936107
3400 ELLIOT AVE,44.9412175,-93.2616235
3400 EMERSON AVE N,45.016867,-93.294204
3400 EMERSON AVE S,44.9411565,-93.2948039
3400 FILLMORE ST NE,45.0296534,-93.2425581
3400 FRANCE AVE S,44.9197444,-93.3291172
3400 FREMONT AVE N,45.016873,-93.295477
3400 FREMONT AVE S,44.941205,-93.295932
3400 GARFIELD AVE,44.9411376,-93.2871893
3400 GARFIELD ST NE,45.0305156,-93.2324719
3400 GIRARD AVE N,44.9811013,-93.297165
3400 GIRARD AVE S,44.9411722,-93.2974057
3400 GRAND AVE S,44.9411068,-93.2845897
3400 HARRIET AVE,44.9411211,-93.2859581
3400 HAYES ST NE,45.0305964,-93.2349217
3400 HENNEPIN AVE,44.9411568,-93.2986713
3400 HOLMES AVE S,44.9411714,-93.3000106
3400 HUMBOLDT AVE N,44.9828517,-93.298195
3400 HUMBOLDT AVE S,44.941208,-93.301005
3400 IRVING AVE N,44.9833756,-93.2994296
3400 IRVING AVE S,44.941213,-93.302274
3400 KNOX AVE N,44.9824849,-93.301986
3400 LAKE ST E,44.94845,-93.222772
3400 LIST PL,44.9458659,-93.3230119
3400 LYNDALE AVE N,45.016817,-93.287902
3400 LYNDALE AVE S,44.9411415,-93.2885591
3400 MEMORIAL PKWY,,
3400 MIDTOWN GREENWAY W,44.9487316,-93.3227503
3400 MINNEHAHA AVE,44.941203,-93.229113
3400 NICOLLET AVE,44.9411495,-93.2782079
3400 OAKLAND AVE,44.9412102,-93.2666582
3400 OLIVER AVE N,44.982708,-93.3070507
3400 PARK AVE,44.9409771,-93.2656603
3400 PENN AVE N,44.9825103,-93.3083141
3400 PIERCE ST NE,45.029571,-93.241067
3400 PILLSBURY AVE,44.941215,-93.281504
3400 PLEASANT AVE,44.941211,-93.283174
3400 POLK ST NE,45.0295725,-93.2450497
3400 PORTLAND AVE,44.941259,-93.267768
3400 RUSSELL AVE N,44.9823696,-93.311096
3400 SAINT PAUL AVE,44.9519771,-93.3219472
3400 SHERIDAN AVE N,44.9833538,-93.3121404
3400 SNELLING AVE,44.9412,-93.230901
3400 SPRING ST NE,44.995136,-93.213867
3400 TAYLOR ST NE,45.0295753,-93.2437836
3400 TYLER ST NE,45.0296487,-93.2463709
3400 UPTON AVE N,45.017037,-93.3143414
3400 WASHBURN AVE N,44.9789603,-93.3172609
3408 SAINT LOUIS AVE,44.9504316,-93.3225044
3424 10TH AVE S,44.9407251,-93.2601579
3424 11TH AVE S,44.9402154,-93.2588856
3424 ZENITH AVE S,44.9402776,-93.3217722
3426 WEST BDE MAKA SKA PKWY,44.9375619,-93.3200949
3428 ZENITH AVE S,44.9446389,-93.3221233
3450 31ST ST W,44.947744,-93.3239226
3450 EAST BDE MAKA SKA PKWY,44.9403255,-93.3037378
35 1ST AVE NE,44.9903505,-93.2531955
350 37TH AVE NE,45.0356256,-93.2633066
3500 10TH AVE S,44.9394166,-93.2603121
3500 11TH AVE S,44.9394185,-93.2590566
3500 12TH AVE S,44.9394164,-93.2578062
3500 13TH AVE S,44.939424,-93.256348
3500 14TH AVE S,44.939424,-93.255082
3500 15TH AVE S,44.939424,-93.253827
3500 17TH AVE S,44.9394138,-93.2502602
3500 18TH AVE S,44.9394238,-93.2489297
3500 1ST AVE S,44.939415,-93.276743
3500 2 1/2 ST NE,45.032041,-93.265237
3500 20TH AVE S,44.9393854,-93.2439021
3500 21ST ST W,44.961001,-93.325253
3500 22ND AVE S,44.939422,-93.240685
3500 23RD AVE S,44.939421,-93.239007
3500 24TH ST E,44.959263,-93.22082
3500 25TH ST W,44.957402,-93.327411
3500 26TH AVE S,44.939413,-93.234773
3500 27TH AVE S,44.9386186,-93.233495
3500 27TH ST E,44.953894,-93.221475
3500 28TH ST E,44.9526107,-93.221749
3500 31ST AVE S,44.939413,-93.227164
3500 32ND ST W,44.945068,-93.323544
3500 33RD ST E,44.94328,-93.221507
3500 34TH AVE S,44.939447,-93.223069
3500 34TH ST E,44.941482,-93.221507
3500 35TH ST E,44.939408,-93.2769499
3500 37TH ST E,44.9359266,-93.246667
3500 38TH ST E,44.934141,-93.256872
3500 39TH ST W,44.932422,-93.324093
3500 3RD AVE S,44.9394303,-93.2730794
3500 41ST AVE S,44.939536,-93.214151
3500 41ST ST E,44.928819,-93.22156
3500 42ND ST E,44.9271383,-93.2212972
3500 44TH ST W,44.9231985,-93.2925335
3500 45TH AVE S,44.9395784,-93.2092243
3500 45TH ST E,44.921522,-93.2479288
3500 45TH ST W,44.92161,-93.324171
3500 46TH ST E,44.919768,-93.2466911
3500 46TH ST W,44.9196142,-93.2808945
3500 47TH ST W,44.918002,-93.32414
3500 48TH ST W,44.9160089,-93.281207
3500 4TH AVE S,44.939437,-93.270298
3500 4TH ST N,45.018619,-93.284844
3500 50TH ST E,44.9127,-93.221392
3500 51ST ST W,44.910765,-93.3241
3500 52ND ST W,44.9090674,-93.324174
3500 54TH ST W,44.905356,-93.324087
3500 5TH AVE S,44.9394676,-93.2692181
3500 5TH ST NE,45.032042,-93.260065
3500 ALDRICH AVE N,45.018647,-93.289168
3500 ALDRICH AVE S,44.9393836,-93.2897654
3500 BASSWOOD RD,44.958529,-93.327393
3500 BENJAMIN ST NE,45.0314241,-93.2297718
3500 BLAISDELL AVE,44.939408,-93.279857
3500 BRYANT AVE N,44.9822005,-93.2908521
3500 BRYANT AVE S,44.93938,-93.2910327
3500 CEDAR AVE S,44.939425,-93.2476391
3500 CHEATHAM AVE,44.939383,-93.230528
3500 CHICAGO AVE,44.939432,-93.262661
3500 CHOWEN PL,44.949009,-93.324402
3500 CLINTON AVE,44.9394098,-93.2717759
3500 COLFAX AVE N,44.9784965,-93.291569
3500 COLFAX AVE S,44.9393918,-93.2924321
3500 COLUMBUS AVE,44.9394078,-93.2641589
3500 CROSBY PL,44.918707,-93.221475
3500 DUPONT AVE S,44.9393218,-93.2936531
3500 ELLIOT AVE,44.939429,-93.261392
3500 EMERSON AVE N,45.018685,-93.294218
3500 EMERSON AVE S,44.9393202,-93.2948857
3500 FRANCE AVE S,44.939269,-93.329121
3500 FRANKLIN AVE W,44.9628947,-93.3248714
3500 FREMONT AVE N,45.018697,-93.295477
3500 FREMONT AVE S,44.9393849,-93.2961287
3500 GARFIELD AVE,44.9394,-93.287017
3500 GIRARD AVE N,44.9811013,-93.297165
3500 GIRARD AVE S,44.939363,-93.2973841
3500 GRAND AVE S,44.939403,-93.284441
3500 HARRIET AVE,44.9393687,-93.2858984
3500 HENNEPIN AVE,44.939391,-93.298495
3500 HOLMES AVE S,44.939392,-93.299742
3500 HUMBOLDT AVE N,44.9828517,-93.298195
3500 HUMBOLDT AVE S,44.9393928,-93.3012639
3500 IRVING AVE N,44.9833756,-93.2994296
3500 LAKE ST E,44.9485873,-93.2213707
3500 LOGAN AVE N,44.9784922,-93.3032752
3500 LONGFELLOW AVE,44.9394188,-93.2463684
3500 LYNDALE AVE N,45.018621,-93.28791
3500 LYNDALE AVE S,44.9393637,-93.2885372
3500 MADISON PL,45.0316143,-93.2558839
3500 MARSHALL ST NE,45.0190336,-93.2725951
3500 MCKINLEY ST NE,45.0315185,-93.228574
3500 MINNEHAHA AVE,44.939388,-93.227826
3500 NEWTON AVE N,44.982422,-93.3058342
3500 NICOLLET AVE,44.9394333,-93.2782023
3500 OAKLAND AVE,44.9394403,-93.2666759
3500 OLIVER AVE N,44.982708,-93.3070507
3500 PARK AVE,44.9394415,-93.2654505
3500 PENN AVE N,44.9825103,-93.3083141
3500 PILLSBURY AVE,44.939406,-93.281519
3500 PLEASANT AVE,44.939406,-93.283174
3500 PORTLAND AVE,44.9394464,-93.2679624
3500 QUEEN AVE N,44.9823724,-93.3097145
3500 SNELLING AVE,44.939385,-93.229585
3500 VINCENT AVE N,44.9789588,-93.3159851
3500 WALNUT ST,45.0058011,-93.2102826
3500 WASHBURN AVE N,44.9789603,-93.3172609
3510 BASSWOOD RD,44.9586767,-93.3276685
3517 IRVING AVE S,44.939065,-93.302073
3540 MINNEHAHA AVE,44.93833,-93.227079
3550 MIDTOWN GREENWAY W,44.9487316,-93.3227503
3600 13TH AVE S,44.937627,-93.25634
3600 14TH AVE S,44.9376039,-93.2552899
3600 15TH AVE S,44.9376053,-93.25398
3600 16TH AVE S,44.937621,-93.251259
3600 18TH AVE S,44.937618,-93.248742
3600 19TH AVE S,44.9376075,-93.2451183
3600 1ST AVE S,44.9375742,-93.2768958
3600 2 1/2 ST NE,45.033857,-93.265236
3600 20TH AVE S,44.9376043,-93.2438809
3600 21ST AVE S,44.937611,-93.242374
3600 24TH AVE S,44.937609,-93.237321
3600 25TH AVE S,44.9376,-93.236026
3600 26TH ST E,44.955666,-93.220041
3600 27TH ST E,44.953893,-93.220208
3600 28TH AVE S,44.9368001,-93.232219
3600 28TH ST E,44.9520567,-93.222132
3600 29TH ST E,44.950249,-93.220205
3600 2ND ST NE,44.9943065,-93.2624907
3600 31ST ST E,44.946902,-93.220208
3600 31ST ST W,44.946601,-93.2820348
3600 32ND ST W,44.945083,-93.325223
3600 33RD AVE S,44.937626,-93.224427
3600 34TH AVE S,44.937643,-93.223061
3600 34TH ST E,44.941489,-93.220225
3600 35TH AVE S,44.9376498,-93.2219543
3600 35TH ST E,44.939678,-93.22023
3600 36TH AVE S,44.9376551,-93.2207519
3600 38TH AVE S,44.9376898,-93.2181996
3600 38TH ST W,44.9340979,-93.284034
3600 39TH AVE S,44.9376986,-93.2168592
3600 39TH ST W,44.93243,-93.325368
3600 3RD AVE S,44.937624,-93.272866
3600 3RD ST NE,45.033855,-93.263944
3600 40TH AVE S,44.9377099,-93.215564
3600 40TH ST E,44.930649,-93.220226
3600 40TH ST W,44.930615,-93.325375
3600 41ST ST E,44.928837,-93.219806
3600 42ND AVE S,44.937749,-93.212877
3600 42ND ST E,44.927025,-93.220256
3600 42ND ST W,44.927005,-93.325413
3600 43RD AVE S,44.937758,-93.211603
3600 43RD ST E,44.925213,-93.220226
3600 45TH ST W,44.921611,-93.325678
3600 46TH ST E,44.91978,-93.220217
3600 49TH ST E,44.914481,-93.220156
3600 4TH AVE S,44.937639,-93.270287
3600 4TH ST N,45.020424,-93.284876
3600 50TH ST E,44.912703,-93.220117
3600 52ND ST W,44.908974,-93.325367
3600 56TH ST E,44.901855,-93.220202
3600 5TH AVE S,44.937641,-93.269
3600 6TH ST N,45.020425,-93.286392
3600 ABBOTT AVE S,44.937636,-93.32274
3600 ALDRICH AVE S,44.937538,-93.28985
3600 BLAISDELL AVE,44.937606,-93.279871
3600 BLOOMINGTON AVE,44.937602,-93.252512
3600 BROADWAY ST NE,44.9987819,-93.2203177
3600 BRYANT AVE N,44.9822005,-93.2908521
3600 BRYANT AVE S,44.937589,-93.290873
3600 CEDAR AVE S,44.937609,-93.247469
3600 CHICAGO AVE,44.9376239,-93.2628802
3600 CLINTON AVE,44.9375704,-93.2717447
3600 COLFAX AVE S,44.937587,-93.292155
3600 COLUMBUS AVE,44.9376151,-93.2640728
3600 EAST BDE MAKA SKA PKWY,44.9403255,-93.3037378
3600 EDMUND BLVD,44.937789,-93.206232
3600 ELLIOT AVE,44.937634,-93.261391
3600 FREMONT AVE N,45.020491,-93.29547
3600 GARFIELD AVE,44.937594,-93.287028
3600 GLENDALE TERR,44.923453,-93.325422
3600 HARRIET AVE,44.937594,-93.285731
3600 HENNEPIN AVE,44.9851124,-93.2641158
3600 KNOX AVE N,44.9824849,-93.301986
3600 LAKE ST E,44.9485442,-93.220158
3600 LAKE ST W,44.9486764,-93.3252454
3600 LYNDALE AVE S,44.937594,-93.288325
3600 MADISON PL,45.03477,-93.255592
3600 MAIN ST NE,45.032049,-93.267793
3600 MCKINLEY ST NE,45.0336315,-93.228485
3600 MEMORIAL PKWY,,
3600 MIDTOWN GREENWAY E,44.9523406,-93.2441367
3600 MIDTOWN GREENWAY W,44.9487316,-93.3227503
3600 MINNEHAHA AVE,44.937575,-93.226553
3600 NICOLLET AVE,44.9373964,-93.2783242
3600 OAKLAND AVE,44.937647,-93.266449
3600 OLIVER AVE N,45.0537284,-93.3075663
3600 PARK AVE,44.9376232,-93.2654474
3600 PENN AVE N,44.9825103,-93.3083141
3600 PLEASANT AVE,44.937598,-93.283175
3600 PORTLAND AVE,44.9376342,-93.2679601
3600 QUEEN AVE N,44.9823724,-93.3097145
3600 SNELLING AVE,44.93757,-93.228279
3600 STINSON BLVD,45.0040375,-93.226871
3600 THOMAS AVE N,44.980124,-93.3130666
3600 WEST BDE MAKA SKA PKWY,44.9375619,-93.3200949
3600 WEST RIVER PKWY S,,
3600 ZENITH AVE S,44.9374965,-93.3217514
3604 TECHNOLOGY DR,45.0341305,-93.2776023
3624 21ST AVE S,44.9372855,-93.2423795
3638 JOHNSON ST NE,45.034339,-93.23723
3650 UPTON AVE S,44.9565563,-93.3143594
3667 MINNEHAHA AVE,44.9361998,-93.2252855
37 GROVELAND TERR,44.9678478,-93.2903576
3700 10TH AVE S,44.935822,-93.260106
3700 11TH AVE S,44.935819,-93.258838
3700 12TH AVE S,44.935816,-93.257573
3700 15TH AVE S,44.935813,-93.253784
3700 16TH AVE S,44.935811,-93.251251
3700 22ND ST W,44.961125,-93.327887
3700 23RD AVE S,44.935801,-93.238989
3700 24TH AVE S,44.935802,-93.237306
3700 25TH ST E,44.95746,-93.219247
3700 26TH AVE S,44.935789,-93.234777
3700 27TH AVE S,44.935781,-93.233496
3700 27TH ST E,44.9537443,-93.252792
3700 28TH AVE S,44.935775,-93.232221
3700 28TH ST E,44.952055,-93.218942
3700 29TH AVE S,44.9349851,-93.2309541
3700 30 1/2 ST W,,
3700 33RD ST E,44.943298,-93.218956
3700 34TH AVE S,44.935618,-93.223053
3700 34TH ST E,44.9416176,-93.2188908
3700 35TH ST E,44.93969,-93.21896
3700 38TH ST E,44.934141,-93.256872
3700 38TH ST W,44.934196,-93.316633
3700 39TH ST E,44.932479,-93.218956
3700 39TH ST W,44.932439,-93.32665
3700 40TH ST E,44.930661,-93.218952
3700 41ST AVE S,44.935729,-93.214159
3700 42ND AVE S,44.93574,-93.212882
3700 43RD AVE S,44.935752,-93.211603
3700 43RD ST E,44.925221,-93.21928
3700 44TH AVE S,44.935762,-93.210325
3700 44TH ST W,44.922838,-93.326727
3700 45TH ST W,44.921613,-93.326728
3700 47TH ST W,44.918001,-93.326712
3700 4TH AVE S,44.9358536,-93.2703628
3700 50TH ST W,44.9127988,-93.3268899
3700 52ND ST W,44.9090824,-93.3268321
3700 5TH AVE S,44.935835,-93.2691057
3700 6TH ST N,45.022238,-93.286407
3700 ALDRICH AVE S,44.935776,-93.289618
3700 BLAISDELL AVE,44.9357864,-93.2801473
3700 BRYANT AVE N,44.9822005,-93.2908521
3700 BRYANT AVE S,44.9357488,-93.2910653
3700 CEDAR AVE S,44.935804,-93.247464
3700 COLFAX AVE S,44.9357649,-93.2923707
3700 COLGATE AVE,44.924247,-93.326552
3700 COLUMBUS AVE,44.935477,-93.26388
3700 DUPONT AVE N,44.9809493,-93.2930242
3700 ELLIOT AVE,44.935825,-93.261372
3700 EMERSON AVE N,45.022286,-93.294218
3700 FRANCE AVE S,44.9357854,-93.329394
3700 FREMONT AVE N,45.022299,-93.295478
3700 GIRARD AVE N,44.9811013,-93.297165
3700 GLENDALE TERR,44.923688,-93.326712
3700 GRAND AVE S,44.935779,-93.284464
3700 HARRIET AVE,44.935782,-93.285746
3700 HUMBOLDT AVE N,44.9828517,-93.298195
3700 KNOX AVE N,44.9824849,-93.301986
3700 LAKE ST E,44.948441,-93.218935
3700 LAKE ST W,44.9505982,-93.310528
3700 LOGAN AVE N,44.9784922,-93.3032752
3700 LONGFELLOW AVE,44.9358028,-93.2463458
3700 LYNDALE AVE N,45.022294,-93.2877658
3700 MIDTOWN GREENWAY W,44.9487316,-93.3227503
3700 NEWTON AVE N,44.982422,-93.3058342
3700 NICOLLET AVE,44.9357734,-93.2781723
3700 OAKLAND AVE,44.935836,-93.266422
3700 OLIVER AVE N,45.0537284,-93.3075663
3700 PARK AVE,44.9357971,-93.2653816
3700 PENN AVE N,44.9825103,-93.3083141
3700 PLEASANT AVE,44.935778,-93.283188
3700 PORTLAND AVE,44.9358212,-93.2679158
3700 QUEEN AVE N,44.9823724,-93.3097145
3700 SHERIDAN AVE S,44.934383,-93.313053
3700 SNELLING AVE,44.935751,-93.22699
3700 STANDISH AVE,44.935805,-93.23987
3700 THOMAS AVE S,44.934997,-93.314233
3700 UPTON AVE S,44.935092,-93.315394
3700 VINCENT AVE S,44.934962,-93.316576
3700 WASHBURN AVE S,44.934913,-93.317751
3700 XERXES AVE S,44.934901,-93.318918
3701 MINNEHAHA AVE,44.9355755,-93.2246373
3705 WEST BDE MAKA SKA PKWY,44.9375619,-93.3200949
3708 46TH ST E,44.919768,-93.2466911
3715 CHICAGO AVE,44.9354919,-93.2621383
3722 WEST BDE MAKA SKA PKWY,44.9375619,-93.3200949
3740 WEST BDE MAKA SKA PKWY,44.9375619,-93.3200949
3750 CEDAR LAKE RD S,44.9651956,-93.3263158
3752 WEST BDE MAKA SKA PKWY,44.9375619,-93.3200949
3762 WEST BDE MAKA SKA PKWY,44.9375619,-93.3200949
3790 EAST BDE MAKA SKA PKWY,44.9403255,-93.3037378
38 11TH ST N,44.9765185,-93.279999
3800 13TH AVE S,44.9339933,-93.2564512
3800 14TH AVE S,44.934016,-93.255045
3800 15TH AVE S,44.9339921,-93.2539517
3800 17TH AVE S,44.9339705,-93.2502405
3800 18TH AVE S,44.9339688,-93.2489902
3800 1ST AVE S,44.933985,-93.276735
3800 20TH AVE S,44.933995,-93.243653
3800 22ND AVE S,44.933992,-93.241143
3800 23RD AVE S,44.933993,-93.238573
3800 24TH AVE S,44.93399,-93.237306
3800 25TH AVE S,44.933986,-93.236032
3800 25TH ST E,44.957457,-93.218039
3800 26TH ST E,44.9557832,-93.2175241
3800 28TH AVE S,44.9339691,-93.2323434
3800 30 1/2 ST W,,
3800 30TH AVE S,44.93396,-93.229699
3800 31ST ST W,44.94671,-93.327774
3800 35TH AVE S,44.934041,-93.221779
3800 36TH ST E,44.9380211,-93.2176581
3800 37TH AVE S,44.9340737,-93.2193485
3800 37TH ST E,44.935902,-93.217701
3800 38TH ST E,44.934141,-93.256872
3800 38TH ST W,44.9340979,-93.284034
3800 39TH AVE S,44.934107,-93.216721
3800 39TH ST W,44.932447,-93.327928
3800 3RD AVE S,44.9339726,-93.2731574
3800 42ND AVE S,44.9340406,-93.2131482
3800 42ND ST E,44.927044,-93.217693
3800 42ND ST W,44.92702,-93.327978
3800 43RD AVE S,44.934153,-93.211602
3800 44TH ST W,44.9228117,-93.3272649
3800 45TH ST W,44.921614,-93.328009
3800 47TH AVE S,44.934197,-93.206519
3800 49TH ST W,44.914403,-93.327957
3800 4TH AVE S,44.934024,-93.270242
3800 50TH ST W,44.912604,-93.327939
3800 51ST ST E,44.910891,-93.217573
3800 51ST ST W,44.910798,-93.327923
3800 52ND ST E,44.90908,-93.217585
3800 53RD ST E,44.907267,-93.217599
3800 54TH ST W,44.905382,-93.327878
3800 5TH AVE S,44.934028,-93.268953
3800 ALDRICH AVE N,45.0240987,-93.2890648
3800 ALDRICH AVE S,44.933952,-93.289628
3800 BEARD AVE S,44.933913,-93.324023
3800 BLAISDELL AVE,44.933986,-93.279864
3800 BLOOMINGTON AVE,44.9338594,-93.2528921
3800 BRYANT AVE N,44.9822005,-93.2908521
3800 BRYANT AVE S,44.933953,-93.290903
3800 CEDAR LAKE AVE,44.953728,-93.327629
3800 CLINTON AVE,44.93402,-93.271539
3800 COLUMBUS AVE,44.934032,-93.263864
3800 EMERSON AVE N,45.024104,-93.294221
3800 FREMONT AVE N,45.024112,-93.295488
3800 LAKE ST E,44.94844,-93.21766
3800 LAKE ST W,44.9487903,-93.3278717
3800 LONGFELLOW AVE,44.933997,-93.246156
3800 LYNDALE AVE N,45.0241078,-93.2877853
3800 LYNDALE AVE S,44.933951,-93.288356
3800 MIDTOWN GREENWAY W,44.9487316,-93.3227503
3800 MINNEHAHA AVE,44.9335819,-93.2240801
3800 NICOLLET AVE,44.9339718,-93.2781224
3800 OAKLAND AVE,44.934034,-93.266397
3800 PENN AVE N,44.9825103,-93.3083141
3800 PILLSBURY AVE,44.933983,-93.281513
3800 QUEEN AVE N,44.9823724,-93.3097145
3800 SNELLING AVE,44.9339658,-93.225877
3800 SUNNYSIDE AVE,44.922677,-93.328164
3800 THOMAS AVE S,44.933972,-93.3144827
3800 UPTON AVE N,45.0242543,-93.3144498
3800 UPTON AVE S,44.933966,-93.3156215
3800 WASHBURN AVE S,44.933993,-93.317752
3800 WAVELAND TERR,44.92582,-93.327936
3800 WILLIAM BERRY PKWY,44.933507,-93.310423
3800 YORK AVE S,44.9339162,-93.3204823
3832 46TH AVE S,44.9332044,-93.2077789
3900 12TH AVE S,44.9322184,-93.2577601
3900 13TH AVE S,44.9321978,-93.2564442
3900 18TH AVE S,44.9321481,-93.2488884
3900 1ST AVE S,44.9321463,-93.2770128
3900 22ND AVE S,44.932179,-93.241128
3900 23RD AVE S,44.9321869,-93.2387337
3900 26TH AVE S,44.9321993,-93.2349472
3900 27TH AVE S,44.9321832,-93.2336719
3900 30TH AVE S,44.93217,-93.229692
3900 31ST ST E,44.946889,-93.216379
3900 34TH ST E,44.941531,-93.216411
3900 36TH AVE S,44.9322201,-93.2206719
3900 36TH ST E,44.937922,-93.216426
3900 37TH ST E,44.935913,-93.216431
3900 38TH AVE S,44.932288,-93.217989
3900 38TH ST E,44.9341603,-93.2692419
3900 39TH AVE S,44.932296,-93.216707
3900 3RD AVE S,44.9322139,-93.2730807
3900 44TH ST E,44.923434,-93.216624
3900 45TH AVE S,44.932364,-93.209038
3900 45TH ST E,44.921624,-93.2165993
3900 46TH AVE S,44.932376,-93.207773
3900 46TH ST E,44.9197572,-93.2664289
3900 52ND ST E,44.909082,-93.21631
3900 5TH AVE S,44.9321987,-93.269112
3900 ABBOTT AVE S,44.932207,-93.322771
3900 BLAISDELL AVE,44.9321855,-93.2800801
3900 BRYANT AVE S,44.932139,-93.290904
3900 CHICAGO AVE,44.932229,-93.26259
3900 DREW AVE S,44.932233,-93.326593
3900 EDMUND BLVD,44.9212391,-93.204566
3900 ELLIOT AVE,44.9321002,-93.2615591
3900 EMERSON AVE N,45.025917,-93.294262
3900 FRANCE AVE S,44.932239,-93.329158
3900 GRAND AVE S,44.932169,-93.284487
3900 LAKE ST E,44.948442,-93.216379
3900 LONGFELLOW AVE,44.932165,-93.246161
3900 LYNDALE AVE N,45.0259074,-93.2877371
3900 LYNDALE AVE S,44.932151,-93.288367
3900 MINNEHAHA AVE,44.9321948,-93.223036
3900 NICOLLET AVE,44.9322,-93.278032
3900 PARK AVE,44.932234,-93.265127
3900 PENN AVE N,44.9825103,-93.3083141
3900 PILLSBURY AVE,44.932183,-93.281542
3900 RICHFIELD RD,44.932181,-93.3125503
3900 SNELLING AVE,44.9321777,-93.2246764
3900 THOMAS AVE N,44.980124,-93.3130666
3900 VAN NEST AVE,44.932193,-93.278955
3900 WASHBURN AVE N,45.026028,-93.317189
3900 WASHBURN AVE S,44.9321566,-93.3179998
3900 XERXES AVE S,44.9321228,-93.3191571
40 9TH ST S,44.9757541,-93.2755076
40 BEDFORD ST SE,44.968496,-93.208594
40 EAST RIVER PKWY,44.9791634,-93.2393989
40 MAIN ST SE,44.9857916,-93.2583858
400 10TH AVE N,44.988414,-93.283444
400 10TH AVE SE,44.9828548,-93.240818
400 10TH ST S,44.971704,-93.269053
400 11TH AVE SE,44.982199,-93.239719
400 11TH ST S,44.9711025,-93.2707182
400 12TH AVE S,44.9479192,-93.2575908
400 12TH AVE SE,44.981642,-93.238332
400 13TH AVE NE,45.000814,-93.261392
400 13TH AVE SE,44.981112,-93.236921
400 14TH AVE SE,44.9805455,-93.2355243
400 15TH AVE NE,45.002999,-93.26141
400 15TH AVE S,44.971093,-93.249562
400 15TH AVE SE,44.9818667,-93.2328805
400 17TH AVE NE,45.005169,-93.260938
400 17TH AVE SE,44.978861,-93.231404
400 18 1/2 AVE N,,
400 19TH AVE NE,45.0072665,-93.2613375
400 19TH AVE S,44.9698807,-93.2458916
400 1ST AVE N,44.9775646,-93.277382
400 1ST AVE NE,44.989478,-93.255431
400 1ST ST N,44.9874045,-93.2712559
400 20TH AVE NE,45.008478,-93.261379
400 20TH AVE S,44.96989,-93.244181
400 21ST AVE N,45.000326,-93.285121
400 21ST AVE S,44.9696005,-93.2433207
400 22ND AVE N,45.001576,-93.285109
400 22ND AVE NE,45.0098125,-93.2613945
400 22ND AVE S,44.969083,-93.241021
400 22ND ST W,44.9608483,-93.3139294
400 23RD AVE N,45.002657,-93.285101
400 23RD AVE NE,45.011003,-93.261378
400 23RD AVE S,44.969403,-93.239757
400 23RD AVE SE,44.9754985,-93.2226251
400 24TH AVE N,45.003763,-93.285101
400 24TH AVE NE,45.012087,-93.261376
400 24TH ST W,44.9591558,-93.3115983
400 25TH AVE N,45.004877,-93.285101
400 25TH AVE SE,44.9756645,-93.2190163
400 25TH ST W,44.9573952,-93.328806
400 26TH AVE N,45.0059839,-93.3028631
400 26TH AVE NE,45.0149085,-93.2619252
400 26TH ST W,44.955619,-93.284398
400 27TH ST W,44.953821,-93.284415
400 28TH ST E,44.952021,-93.270082
400 28TH ST W,44.9519712,-93.314068
400 29TH AVE N,45.0096964,-93.2851939
400 29TH ST E,44.950142,-93.270106
400 2ND AVE N,44.982041,-93.27391
400 2ND AVE S,44.978557,-93.267263
400 2ND AVE SE,44.987298,-93.252433
400 2ND ST N,44.986301,-93.27251
400 2ND ST NE,44.99187,-93.26096
400 30TH AVE N,45.0109376,-93.2851402
400 30TH AVE SE,44.9710177,-93.2135889
400 31ST AVE N,45.0121777,-93.285133
400 31ST ST E,44.9466749,-93.2773003
400 31ST ST W,44.946681,-93.284475
400 33RD AVE N,45.014978,-93.28514
400 33RD ST E,44.943254,-93.270067
400 33RD ST W,44.943029,-93.284491
400 34TH ST E,44.941455,-93.27003
400 34TH ST W,44.9413245,-93.2956745
400 35TH AVE N,45.018577,-93.285132
400 35TH ST E,44.939644,-93.27001
400 35TH ST W,44.939608,-93.284499
400 36TH ST E,44.937846,-93.269999
400 36TH ST W,44.937799,-93.284506
400 37TH AVE N,45.022217,-93.285223
400 37TH AVE NE,45.035462,-93.259744
400 37TH ST E,44.9359266,-93.246667
400 37TH ST W,44.935985,-93.284521
400 38TH ST E,44.93423,-93.269953
400 38TH ST W,44.934178,-93.28453
400 39TH ST E,44.932436,-93.269961
400 3RD AVE NE,44.991496,-93.256835
400 3RD AVE S,44.977978,-93.265897
400 3RD AVE SE,44.9886216,-93.249724
400 3RD ST N,44.984859,-93.275172
400 3RD ST S,44.978436,-93.263315
400 40TH AVE N,45.0275761,-93.289992
400 40TH ST W,44.9304776,-93.2840329
400 41ST ST W,44.928727,-93.284568
400 42ND ST W,44.926911,-93.284575
400 43RD ST E,44.925205,-93.269989
400 44TH ST E,44.9232648,-93.2269881
400 44TH ST W,44.923288,-93.284605
400 45TH ST E,44.921522,-93.2479288
400 46TH ST E,44.9200587,-93.2698158
400 46TH ST W,44.919674,-93.284606
400 48TH ST W,44.916047,-93.284591
400 4TH AVE N,44.9816589,-93.2909111
400 4TH AVE NE,44.992764,-93.257705
400 4TH AVE S,44.976888,-93.264967
400 4TH AVE SE,44.9877975,-93.2482352
400 4TH ST NE,44.992858,-93.258092
400 4TH ST S,44.9775814,-93.2636882
400 4TH ST SE,44.985974,-93.249755
400 5TH AVE N,44.984643,-93.276904
400 5TH AVE NE,44.994077,-93.258604
400 5TH AVE S,44.976816,-93.263167
400 5TH AVE SE,44.985546,-93.248107
400 5TH ST N,44.98325,-93.277499
400 5TH ST NE,44.993361,-93.25665
400 5TH ST S,44.976507,-93.264952
400 5TH ST SE,44.986962,-93.248996
400 6TH AVE N,44.984984,-93.278739
400 6TH AVE SE,44.9850229,-93.2464107
400 6TH ST S,44.975549,-93.265761
400 6TH ST SE,44.987954,-93.248212
400 7TH AVE N,44.9866146,-93.2777836
400 7TH AVE NE,44.996179,-93.260017
400 7TH AVE SE,44.984424,-93.245305
400 7TH ST N,44.98398,-93.282999
400 7TH ST S,44.974588,-93.266574
400 7TH ST SE,44.988924,-93.247448
400 8TH AVE N,44.9884702,-93.279196
400 8TH AVE NE,44.9970685,-93.2605719
400 8TH AVE SE,44.983873,-93.243917
400 8TH ST S,44.973618,-93.267361
400 9TH AVE NE,44.998139,-93.261374
400 9TH ST S,44.972643,-93.268183
400 ALDRICH AVE N,44.9822183,-93.2895552
400 BORDER AVE N,44.980892,-93.2853223
400 BROADWAY ST NE,44.998621,-93.261377
400 BRYANT AVE N,44.981796,-93.29072
400 BUCHANAN ST NE,44.993414,-93.239816
400 CEDAR AVE S,44.970128,-93.247353
400 CEDAR LAKE RD S,44.9738218,-93.3085785
400 CENTRAL AVE SE,44.987866,-93.253913
400 CHICAGO AVE,44.95464,-93.2626121
400 CHURCH ST SE,44.972331,-93.233954
400 DELAWARE ST SE,44.9706388,-93.2180529
400 DIAMOND LAKE RD E,,
400 EAST RIVER PKWY,44.9715154,-93.2372662
400 ERIE ST SE,44.971891,-93.224414
400 FILLMORE ST NE,44.993417,-93.242368
400 FRANKLIN AVE E,44.962774,-93.2708233
400 FRANKLIN AVE W,44.9627513,-93.305952
400 GIRARD TERR,44.9826903,-93.2960255
400 GROVELAND AVE,44.9656918,-93.2851137
400 HARRISON ST NE,44.993803,-93.247447
400 HARVARD ST SE,44.97243,-93.230372
400 HENNEPIN AVE,44.980439,-93.271583
400 HENNEPIN AVE E,44.9642386,-93.2897492
400 HUMBOLDT AVE N,44.981779,-93.298079
400 HURON BLVD SE,44.9731421,-93.2236602
400 JEFFERSON ST NE,45.0001026,-93.2550056
400 KNOX AVE N,44.98172,-93.301874
400 LAKE ST E,44.948435,-93.270135
400 LAKE ST W,44.9505982,-93.310528
400 LAKESIDE AVE,44.981915,-93.28665
400 LOWRY AVE NE,45.0130685,-93.2613219
400 LYNDALE PL,44.9867622,-93.2895553
400 MARQUETTE AVE,44.979147,-93.268638
400 MARSHALL ST NE,44.991774,-93.262671
400 MIDTOWN GREENWAY E,44.9523406,-93.2441367
400 MIDTOWN GREENWAY W,44.9487316,-93.3227503
400 MORGAN AVE N,44.981714,-93.304419
400 NAPCO AVE N,44.989026,-93.284735
400 NEWTON AVE S,44.973977,-93.304895
400 NICOLLET MALL,44.9749448,-93.2739446
400 OAK ST SE,44.972434,-93.227228
400 OLIVER AVE N,44.9817411,-93.3067684
400 OLIVER AVE S,44.97345,-93.307239
400 ONTARIO ST SE,44.972297,-93.225793
400 PARK AVE,44.975676,-93.260441
400 PENN AVE N,44.981808,-93.3080664
400 PENN AVE S,44.9735188,-93.3085269
400 PIERCE ST NE,44.9934654,-93.2412688
400 PORTLAND AVE,44.976247,-93.261807
400 RUSSELL AVE N,44.9817086,-93.3108498
400 RUSSELL AVE S,44.973439,-93.311015
400 THOMAS AVE S,44.9733974,-93.3138066
400 UNIVERSITY AVE NE,45.0374593,-93.2627274
400 UNIVERSITY AVE SE,44.9691552,-93.2104315
400 UPTON AVE S,44.9734308,-93.3150109
400 WEST BROADWAY,44.99922,-93.285132
4000 10TH AVE S,44.930419,-93.260088
4000 19TH AVE S,44.930355,-93.2451221
4000 20TH AVE S,44.9303744,-93.2438741
4000 22ND AVE S,44.9303381,-93.24129
4000 27TH AVE S,44.9303629,-93.2336894
4000 28TH AVE S,44.930381,-93.23224
4000 31ST ST E,44.9466749,-93.2773003
4000 32ND ST E,44.945133,-93.215106
4000 33RD ST E,44.943336,-93.215115
4000 35TH ST E,44.939732,-93.215141
4000 38TH ST E,44.934141,-93.256872
4000 3RD AVE S,44.930399,-93.272844
4000 40TH AVE S,44.93049,-93.215433
4000 42ND AVE S,44.930513,-93.212869
4000 42ND ST E,44.927067,-93.215137
4000 45TH AVE S,44.930545,-93.209032
4000 46TH ST E,44.919768,-93.2466911
4000 5TH AVE S,44.930375,-93.2691477
4000 ALDRICH AVE N,45.0277519,-93.2890873
4000 ALDRICH AVE S,44.9302905,-93.2899019
4000 BLOOMINGTON AVE,44.9302667,-93.252881
4000 CHEATHAM AVE,44.9314585,-93.224547
4000 CHICAGO AVE,44.930421,-93.262591
4000 CHOWEN AVE S,44.930408,-93.32532
4000 CLINTON AVE,44.9303959,-93.2716841
4000 COLFAX AVE N,44.9784965,-93.291569
4000 COLFAX AVE S,44.930327,-93.2922
4000 COLUMBUS AVE,44.930423,-93.263864
4000 DUPONT AVE N,44.9809493,-93.2930242
4000 ELLIOT AVE,44.930419,-93.261332
4000 EWING AVE S,44.9303983,-93.3281012
4000 FREMONT AVE N,45.027738,-93.295586
4000 GARFIELD AVE,44.930324,-93.287081
4000 GODFREY PKWY,44.9175966,-93.2107877
4000 HUMBOLDT AVE N,44.9828517,-93.298195
4000 LAKE ST E,44.9485533,-93.2150374
4000 LINDEN HILLS BLVD,44.9302583,-93.3118608
4000 LYNDALE AVE N,45.0277308,-93.2877646
4000 MINNEHAHA AVE,44.93041,-93.221315
4000 NAWADAHA BLVD,44.916632,-93.215036
4000 NICOLLET AVE,44.930373,-93.278032
4000 NOKOMIS AVE S,44.930377,-93.228418
4000 PENN AVE N,44.9825103,-93.3083141
4000 PILLSBURY AVE,44.930353,-93.281931
4000 PLEASANT AVE,44.93035,-93.283212
4000 PORTLAND AVE,44.930427,-93.267656
4000 SHERIDAN AVE S,44.9302785,-93.3135092
4000 STANDISH AVE,44.9303642,-93.2400369
4000 VINCENT AVE S,44.930363,-93.316127
4000 WASHINGTON AVE N,45.027715,-93.284746
4000 WENTWORTH AVE,44.930362,-93.280626
4000 WEST LAKE HARRIET PKWY,44.9177532,-93.3136861
4029 MINNEHAHA AVE,44.929184,-93.2201618
4031 ROSE WAY RD,,
41 10TH ST N,44.9764137,-93.278526
4100 11TH AVE S,44.928617,-93.258822
4100 13TH AVE S,44.928618,-93.2564659
4100 14TH AVE S,44.9285806,-93.2552361
4100 15TH AVE S,44.9285874,-93.2539541
4100 17TH AVE S,44.928518,-93.249967
4100 20TH AVE S,44.928585,-93.2438389
4100 21ST AVE S,44.9285816,-93.2426212
4100 22ND AVE S,44.9285878,-93.2412821
4100 27TH ST E,44.9540362,-93.2144193
4100 28TH AVE S,44.9285023,-93.2324995
4100 29TH ST E,44.950245,-93.213831
4100 31ST AVE S,44.928573,-93.227152
4100 31ST ST E,44.9466749,-93.2773003
4100 32ND AVE S,44.928294,-93.225779
4100 32ND ST E,44.945143,-93.213833
4100 34TH ST E,44.941551,-93.21384
4100 35TH ST E,44.939743,-93.213863
4100 37TH AVE S,44.928639,-93.219237
4100 38TH ST E,44.934141,-93.256872
4100 39TH AVE S,44.928663,-93.216699
4100 3RD AVE S,44.9286131,-93.2730555
4100 40TH AVE S,44.928674,-93.215429
4100 41ST ST E,44.928721,-93.248411
4100 44TH ST E,44.9232648,-93.2269881
4100 4TH AVE S,44.928613,-93.270254
4100 ABBOTT AVE S,44.9285985,-93.3229974
4100 ALDRICH AVE N,45.0295006,-93.2890975
4100 BEARD AVE S,44.928593,-93.324065
4100 BLAISDELL AVE,44.928554,-93.279334
4100 BLOOMINGTON AVE,44.928526,-93.252503
4100 BRYANT AVE N,44.9822005,-93.2908521
4100 BRYANT AVE S,44.928507,-93.29093
4100 CEDAR AVE S,44.928511,-93.247449
4100 CHICAGO AVE,44.9285907,-93.2628156
4100 CHOWEN AVE S,44.928603,-93.325332
4100 COLFAX AVE S,44.928511,-93.2922
4100 DREW AVE S,44.928612,-93.326613
4100 DUPONT AVE N,44.9809493,-93.2930242
4100 EAST LAKE HARRIET PKWY,44.9187478,-93.2985074
4100 EWING AVE S,44.9285822,-93.3281194
4100 FRANCE AVE S,44.9285963,-93.3294537
4100 FREMONT AVE N,45.029696,-93.295615
4100 HUMBOLDT AVE N,44.9828517,-93.298195
4100 JAMES AVE N,44.9781679,-93.3007209
4100 LAKE ST E,44.948438,-93.213815
4100 LONGFELLOW AVE,44.9285939,-93.2463494
4100 LYNDALE AVE N,45.02949,-93.287971
4100 MINNEHAHA AVE,44.9286504,-93.2203417
4100 NICOLLET AVE,44.928561,-93.27804
4100 OAKLAND AVE,44.9285863,-93.2665732
4100 PENN AVE N,44.9825103,-93.3083141
4100 PLEASANT AVE,44.928535,-93.28322
4100 QUEEN AVE N,44.9823724,-93.3097145
4100 SHERIDAN AVE S,44.9285317,-93.3133873
4100 STANDISH AVE,44.9286056,-93.2400165
4100 UPTON AVE N,45.0296866,-93.3145838
4100 UPTON AVE S,44.9285343,-93.3149596
4100 VINCENT AVE S,44.9283948,-93.3163314
4100 WENTWORTH AVE,44.928547,-93.280631
4100 XERXES AVE S,44.928531,-93.3192428
411 18TH AVE N,44.9973149,-93.2851826
4142 MINNEHAHA AVE,44.9277295,-93.21936
420 25TH AVE SE,44.97514,-93.22139
420 29TH AVE SE,44.9733067,-93.21528
4200 17TH AVE S,44.9267151,-93.2501997
4200 19TH AVE S,44.9267768,-93.2451026
4200 20TH AVE S,44.9267392,-93.2438041
4200 21ST AVE S,44.926798,-93.242365
4200 22ND AVE S,44.9267674,-93.2413721
4200 23RD AVE S,44.9267399,-93.2388499
4200 27TH AVE S,44.926762,-93.233486
4200 28TH AVE S,44.9267409,-93.2323585
4200 31ST AVE S,44.926738,-93.2273482
4200 32ND AVE S,44.9267001,-93.2260727
4200 33RD AVE S,44.926256,-93.224405
4200 33RD ST E,44.943362,-93.212562
4200 34TH AVE S,44.92678,-93.224771
4200 34TH ST E,44.941563,-93.212566
4200 35TH ST E,44.939754,-93.212578
4200 36TH ST E,44.937956,-93.212588
4200 38TH ST E,44.934141,-93.256872
4200 40TH AVE S,44.92686,-93.215426
4200 41ST ST E,44.928904,-93.212585
4200 42ND ST E,44.92709,-93.212589
4200 50TH ST E,44.9128897,-93.2123815
4200 51ST ST E,44.910891,-93.212461
4200 5TH AVE S,44.9268072,-93.2691018
4200 ABBOTT AVE S,44.926784,-93.32281
4200 BLOOMINGTON AVE,44.9265883,-93.2528796
4200 BRYANT AVE S,44.926682,-93.290934
4200 CEDAR AVE S,44.9267678,-93.2477265
4200 CHEATHAM AVE,44.926788,-93.221415
4200 CHICAGO AVE,44.9267959,-93.2628435
4200 CHOWEN AVE S,44.9268,-93.325358
4200 COLFAX AVE S,44.926687,-93.292201
4200 COLUMBUS AVE,44.9268152,-93.2640701
4200 DUPONT AVE N,44.9809493,-93.2930242
4200 EAST LAKE HARRIET PKWY,44.92681,-93.295784
4200 ELLIOT AVE,44.926767,-93.2615485
4200 EWING AVE S,44.926814,-93.327922
4200 FRANCE AVE S,44.9268083,-93.3294435
4200 FREMONT AVE S,44.926663,-93.294994
4200 GARFIELD AVE,44.9266559,-93.2873036
4200 GIRARD AVE N,44.9811013,-93.297165
4200 HUMBOLDT AVE N,44.9828517,-93.298195
4200 IRVING AVE N,44.9833756,-93.2994296
4200 LAKE ST E,44.9486489,-93.2123703
4200 LINDEN HILLS BLVD,44.9273525,-93.3118705
4200 LONGFELLOW AVE,44.926807,-93.246178
4200 LYNDALE AVE N,45.031629,-93.287993
4200 MEMORIAL PKWY,,
4200 MORGAN AVE N,44.9789715,-93.304533
4200 NAWADAHA BLVD,44.917691,-93.212202
4200 NEWTON AVE N,44.982422,-93.3058342
4200 NICOLLET AVE,44.926753,-93.278047
4200 OAKLAND AVE,44.9267888,-93.2665932
4200 PENN AVE N,44.9825103,-93.3083141
4200 PLEASANT AVE,44.926715,-93.283221
4200 QUEEN AVE S,44.9276905,-93.3094484
4200 SHERIDAN AVE S,44.927155,-93.3133192
4200 SNELLING AVE,44.926796,-93.220474
4200 UPTON AVE N,45.0314833,-93.3145811
4200 UPTON AVE S,44.926753,-93.314752
4200 VINCENT AVE S,44.9267487,-93.3163227
4200 WEBBER PKWY,45.032459,-93.288281
4200 WENTWORTH AVE,44.926736,-93.280641
4200 XERXES AVE S,44.9249788,-93.3192153
4200 ZENITH AVE S,44.926776,-93.321528
422 18TH AVE N,44.9973148,-93.2851931
422 OAK GROVE ST,44.9677834,-93.2856513
4220 SHERIDAN AVE S,44.9270514,-93.313364
4244 EAST LAKE HARRIET PKWY,44.9261715,-93.2963861
4266 SHERIDAN AVE S,44.9257877,-93.3142882
428 19TH AVE S,44.9694148,-93.2455443
43 SAINT MARYS AVE,44.9703014,-93.2185528
4300 10TH AVE S,44.9250055,-93.2603166
4300 13TH AVE S,44.9250147,-93.2564852
4300 14TH AVE S,44.925019,-93.255045
4300 18TH AVE S,44.9249751,-93.2488899
4300 19TH AVE S,44.925001,-93.244901
4300 1ST AVE S,44.9249492,-93.2769488
4300 27TH AVE S,44.924961,-93.233524
4300 28TH AVE S,44.924958,-93.232227
4300 31ST AVE S,44.924949,-93.227159
4300 32ND AVE S,44.924958,-93.225793
4300 32ND ST E,44.945159,-93.211206
4300 33RD AVE S,44.924969,-93.224401
4300 37TH ST E,44.9359266,-93.246667
4300 40TH ST E,44.93073,-93.211308
4300 41ST ST E,44.928915,-93.211311
4300 43RD ST E,44.925297,-93.211315
4300 50TH ST E,44.912722,-93.21125
4300 53RD ST E,44.907274,-93.211229
4300 BLAISDELL AVE,44.924939,-93.279344
4300 BRYANT AVE S,44.92485,-93.2910734
4300 CHICAGO AVE,44.9249767,-93.2628039
4300 COLUMBUS AVE,44.925018,-93.263919
4300 FRANCE AVE S,44.9250464,-93.329477
4300 GIRARD AVE N,44.9811013,-93.297165
4300 IRVING AVE N,44.9833756,-93.2994296
4300 LAKE ST E,44.9485474,-93.2112711
4300 LOGAN AVE N,44.9784922,-93.3032752
4300 LYNDALE AVE S,44.924872,-93.288417
4300 MINNEHAHA AVE,44.925008,-93.217791
4300 NICOLLET AVE,44.9249371,-93.2782118
4300 OAKLAND AVE,44.9250228,-93.2666354
4300 PARK AVE,44.925018,-93.26519
4300 PLEASANT AVE,44.9248829,-93.2834546
4300 PORTLAND AVE,44.9250253,-93.2681957
4300 QUEEN AVE S,44.9259135,-93.3105096
4300 SNELLING AVE,44.924992,-93.219497
4300 THOMAS AVE N,44.980124,-93.3130666
4300 UPTON AVE S,44.9245252,-93.3148403
4300 WASHBURN AVE N,45.033521,-93.317354
4300 WEBBER PKWY,45.035594,-93.295248
4300 WENTWORTH AVE,44.92493,-93.280645
4300 XERXES AVE S,44.924992,-93.318989
4300 YORK AVE S,44.924995,-93.320263
4319 WEBBER PKWY,45.0341275,-93.2930925
4344 CHOWEN AVE S,44.9242771,-93.3251661
4346 50TH ST E,44.9127277,-93.2109071
4346 DREW AVE S,44.9239602,-93.3265962
4349 WEBBER PKWY,45.0345763,-93.2938821
4376 BEARD AVE S,44.9239367,-93.32411
4378 CHOWEN AVE S,44.9237714,-93.3251728
4382 50TH ST E,44.9127375,-93.210843
44 10TH ST S,44.9744435,-93.2756325
44 MALCOLM AVE SE,44.9694585,-93.2130614
440 WEST BROADWAY,44.99922,-93.2858691
4400 15TH AVE S,44.923198,-93.253786
4400 16TH AVE S,44.9231675,-93.2514446
4400 17TH AVE S,44.9231641,-93.2501968
4400 18TH AVE S,44.9231922,-93.2489234
4400 1ST AVE S,44.9231037,-93.2769432
4400 28TH AVE S,44.923163,-93.232217
4400 29TH AVE S,44.9231453,-93.2312627
4400 35TH ST E,44.939777,-93.210033
4400 37TH ST E,44.9359266,-93.246667
4400 39TH ST E,44.93256,-93.210025
4400 46TH ST E,44.919768,-93.2466911
4400 4TH AVE S,44.9231142,-93.2705811
4400 5TH AVE S,44.9232,-93.26903
4400 ALDRICH AVE S,44.923064,-93.289705
4400 BEARD AVE S,44.9231201,-93.3241771
4400 CHICAGO AVE,44.9231356,-93.2629366
4400 CHOWEN AVE S,44.922827,-93.325616
4400 COLUMBUS AVE,44.9231648,-93.2641693
4400 DREW AVE S,44.922641,-93.326663
4400 DUPONT AVE N,44.9809493,-93.2930242
4400 FREMONT AVE S,44.922724,-93.295161
4400 GARFIELD AVE,44.923072,-93.287134
4400 GRAND AVE S,44.9230903,-93.2848033
4400 HUMBOLDT AVE N,44.9828517,-93.298195
4400 LAKE ST E,44.948432,-93.209994
4400 LOGAN AVE N,44.9784922,-93.3032752
4400 LONGFELLOW AVE,44.923197,-93.246162
4400 LYNDALE AVE N,45.0356331,-93.2877808
4400 LYNDALE AVE S,44.92306,-93.288431
4400 MINNEHAHA AVE,44.923206,-93.216843
4400 NICOLLET AVE,44.923133,-93.278047
4400 OAKLAND AVE,44.9231705,-93.2666692
4400 PILLSBURY AVE,44.923099,-93.281953
4400 PORTLAND AVE,44.9231924,-93.2680058
4400 QUEEN AVE S,44.9033543,-93.3099144
4400 SHERIDAN AVE N,44.9833538,-93.3121404
4400 SNELLING AVE,44.9601168,-93.2443373
4400 UPTON AVE S,44.923201,-93.315209
4400 VINCENT AVE S,44.923204,-93.316483
4410 FRANCE AVE S,44.9223889,-93.329218
4442 OSSEO RD,45.0363849,-93.3107407
45 31ST AVE NE,45.0238731,-93.2724806
45 MERRIAM ST,44.985581,-93.2609118
4500 14TH AVE S,44.921386,-93.255067
4500 29TH ST E,44.950309,-93.208959
4500 31ST ST E,44.9466749,-93.2773003
4500 33RD AVE S,44.92136,-93.22442
4500 33RD ST E,44.943402,-93.208545
4500 3RD AVE S,44.921347,-93.2730878
4500 46TH ST E,44.919768,-93.2466911
4500 4TH AVE S,44.9213833,-93.2705071
4500 56TH ST E,44.90188,-93.208719
4500 5TH AVE S,44.9213475,-93.2692664
4500 ABBOTT AVE S,44.921403,-93.32283
4500 BLAISDELL AVE,44.921316,-93.279351
4500 BLOOMINGTON AVE,44.9213508,-93.2527456
4500 BRYANT AVE N,44.9822005,-93.2908521
4500 BRYANT AVE S,44.92126,-93.290967
4500 CAMDEN AVE N,45.0439303,-93.2888722
4500 CEDAR AVE S,44.921338,-93.2476734
4500 CHICAGO AVE,44.9211669,-93.2628996
4500 COLFAX AVE N,44.9784965,-93.291569
4500 COLFAX AVE S,44.921262,-93.292235
4500 COLUMBUS AVE,44.921403,-93.2642447
4500 DUPONT AVE N,44.9809493,-93.2930242
4500 GARFIELD AVE,44.921264,-93.287133
4500 GRAND AVE S,44.9212557,-93.2847573
4500 MINNEHAHA AVE,44.921402,-93.215877
4500 NICOLLET AVE,44.9212479,-93.2784194
4500 NOKOMIS AVE S,44.921345,-93.228445
4500 PARK AVE,44.9213992,-93.2655347
4500 PILLSBURY AVE,44.921299,-93.281961
4500 PORTLAND AVE,44.9213446,-93.2680619
4500 SNELLING AVE,44.9213355,-93.2176885
4500 UPTON AVE S,44.921389,-93.315201
4500 VINCENT AVE S,44.921395,-93.316471
4500 WENTWORTH AVE,44.921308,-93.280652
4500 ZENITH AVE S,44.921402,-93.321554
4518 HUMBOLDT AVE N,44.9828517,-93.298195
46 27TH AVE SE,44.9664556,-93.2204409
46 LOWRY AVE NE,45.0132114,-93.2320264
4600 33RD AVE S,44.919542,-93.224419
4600 33RD ST E,44.943414,-93.207448
4600 34TH AVE S,44.919554,-93.223054
4600 36TH AVE S,44.919573,-93.220504
4600 38TH ST E,44.934141,-93.256872
4600 3RD AVE S,44.9195364,-93.2731288
4600 4TH AVE S,44.9195674,-93.2705829
4600 53RD ST E,44.9075949,-93.2367131
4600 ABBOTT AVE S,44.919596,-93.322823
4600 BEARD AVE S,44.9286438,-93.3239482
4600 BLAISDELL AVE,44.9194703,-93.2795244
4600 BRYANT AVE N,44.9822005,-93.2908521
4600 BRYANT AVE S,44.919427,-93.2910239
4600 CEDAR AVE S,44.919593,-93.247385
4600 CHICAGO AVE,44.9195661,-93.2629058
4600 CLINTON AVE,44.919575,-93.271648
4600 COLFAX AVE N,44.9784965,-93.291569
4600 DOWLING ST,44.9333373,-93.2055041
4600 DUPONT AVE N,44.9809493,-93.2930242
4600 EMERSON AVE N,45.0385888,-93.2949984
4600 FREMONT AVE S,44.919447,-93.296068
4600 GARFIELD AVE,44.919452,-93.287126
4600 GLABE LN,44.9371025,-93.2073195
4600 LAKE ST E,44.948435,-93.207452
4600 LYNDALE AVE S,44.919443,-93.28843
4600 MINNEHAHA AVE,44.919549,-93.214908
4600 NICOLLET AVE,44.9194117,-93.2781414
4600 PILLSBURY AVE,44.919486,-93.281961
4600 PORTLAND AVE,44.9195943,-93.2680959
4600 THOMAS AVE N,44.980124,-93.3130666
4600 WENTWORTH AVE,44.9194547,-93.2809077
4602 HUMBOLDT AVE N,44.9828517,-93.298195
464 OLIVER AVE S,44.9720016,-93.307257
4700 11TH AVE S,44.9177419,-93.2591098
4700 18TH AVE S,44.917787,-93.248644
4700 27TH AVE S,44.917877,-93.233506
4700 28TH AVE S,44.91791,-93.232302
4700 31ST AVE S,44.917811,-93.22716
4700 31ST ST E,44.9466749,-93.2773003
4700 6TH ST N,45.040452,-93.287481
4700 ABBOTT AVE S,44.917789,-93.322809
4700 ALDRICH AVE S,44.917626,-93.289697
4700 BEARD AVE S,44.9178017,-93.3243638
4700 BLOOMINGTON AVE,44.9177531,-93.2527317
4700 BRYANT AVE N,44.9822005,-93.2908521
4700 BRYANT AVE S,44.917628,-93.290964
4700 CEDAR AVE S,44.917785,-93.247385
4700 CHICAGO AVE,44.917783,-93.26274
4700 CHOWEN AVE S,44.9177946,-93.3257732
4700 COLFAX AVE S,44.917629,-93.292237
4700 COLUMBUS AVE,44.9177645,-93.2641964
4700 DOWLING ST,44.9333373,-93.2055041
4700 DUPONT AVE N,44.9809493,-93.2930242
4700 EMERSON AVE N,45.0404288,-93.29502
4700 EMERSON AVE S,44.917634,-93.294778
4700 FRANCE AVE S,44.917791,-93.329208
4700 FREMONT AVE N,45.0404525,-93.2963113
4700 GIRARD AVE S,44.917637,-93.297333
4700 GRAND AVE S,44.917626,-93.2847463
4700 HARRIET AVE,44.917651,-93.285813
4700 LAKE ST E,44.948434,-93.206257
4700 LONGFELLOW AVE,44.917785,-93.246118
4700 LYNDALE AVE N,45.0410719,-93.2860692
4700 NOKOMIS AVE S,44.917842,-93.2286516
4700 OAKLAND AVE,44.9177687,-93.2667375
4700 PILLSBURY AVE,44.917679,-93.281968
4700 VINCENT AVE S,44.917769,-93.316449
4700 XERXES AVE S,44.917777,-93.318987
4740 WEST LAKE HARRIET PKWY,44.9176591,-93.3137074
4750 MINNEHAHA AVE,44.9177664,-93.2139875
48 12TH ST S,44.9742513,-93.2801116
48 36TH AVE NE,45.0328313,-93.2780167
480 MALCOLM AVE SE,44.967512,-93.2162898
4800 16TH AVE S,44.9159363,-93.2515239
4800 28TH AVE S,44.915846,-93.2324264
4800 30TH AVE S,44.915852,-93.229724
4800 35TH AVE S,44.915865,-93.221703
4800 39TH AVE S,44.916134,-93.2169
4800 4TH AVE S,44.915965,-93.270419
4800 ALDRICH AVE N,44.9822183,-93.2895552
4800 ALDRICH AVE S,44.9157606,-93.2899327
4800 BRYANT AVE S,44.915819,-93.290962
4800 CHICAGO AVE,44.9160019,-93.2628256
4800 CHOWEN AVE S,44.915958,-93.3255693
4800 COLUMBUS AVE,44.915984,-93.264032
4800 DUPONT AVE N,44.9809493,-93.2930242
4800 EAST LAKE HARRIET PKWY,44.9187478,-93.2985074
4800 EWING AVE S,44.915774,-93.3281373
4800 HARRIET AVE,44.915835,-93.285806
4800 HUMBOLDT AVE S,44.9513234,-93.3008206
4800 IRVING AVE S,44.9158079,-93.3001686
4800 JAMES AVE S,44.9154319,-93.3013289
4800 LAKE ST E,44.948437,-93.20521
4800 LYNDALE AVE N,45.0507099,-93.2842296
4800 NICOLLET AVE,44.9159,-93.278102
4800 OAKLAND AVE,44.9159853,-93.2667614
4800 PENN AVE S,44.915319,-93.30886
4800 RUSSELL AVE S,44.916075,-93.311402
4800 SHERIDAN AVE S,44.9154194,-93.3126603
4800 SOUTH MINNEHAHA PARK DR,44.906686,-93.1996409
4800 UPTON AVE S,44.915935,-93.315171
4800 WASHBURN AVE S,44.915954,-93.317711
4800 WEST LAKE HARRIET PKWY,44.91724,-93.313213
4810 WEST LAKE NOKOMIS PKWY,44.9156866,-93.2405993
4820 42ND ST E,44.9271466,-93.2041103
4840 EAST LAKE HARRIET PKWY,44.9155992,-93.3027771
4846 WENTWORTH AVE,44.9155022,-93.2807134
4900 10TH AVE S,44.9141779,-93.2603935
4900 13TH AVE S,44.9141138,-93.2565229
4900 1ST AVE S,44.914096,-93.276843
4900 28TH AVE S,44.9142828,-93.2325567
4900 29TH AVE S,44.9142805,-93.2312633
4900 31ST AVE S,44.9142881,-93.227483
4900 32ND AVE S,44.914293,-93.2259951
4900 33RD AVE S,44.9142667,-93.2245851
4900 33RD ST E,44.9432594,-93.2177686
4900 38TH AVE S,44.914282,-93.21788
4900 39TH AVE S,44.914281,-93.2166
4900 40TH AVE S,44.914006,-93.215302
4900 54TH ST E,44.905488,-93.203158
4900 ALDRICH AVE S,44.9139673,-93.2899214
4900 BEARD AVE S,44.914171,-93.324073
4900 BRYANT AVE N,44.9822005,-93.2908521
4900 BRYANT AVE S,44.9139993,-93.2912086
4900 CEDAR AVE S,44.9141074,-93.2477367
4900 CHICAGO AVE,44.9141208,-93.2630871
4900 DREW AVE S,44.9141875,-93.3268204
4900 DUPONT AVE S,44.9139959,-93.2937435
4900 EWING AVE S,44.9141937,-93.3281072
4900 FREMONT AVE S,44.9140167,-93.2962349
4900 GIRARD AVE S,44.914022,-93.29731
4900 JAMES AVE S,44.9139845,-93.3014605
4900 LYNDALE AVE S,44.9139895,-93.2886636
4900 MORGAN AVE S,44.9139079,-93.3051095
4900 NICOLLET AVE,44.914096,-93.278124
4900 PENN AVE N,44.9825103,-93.3083141
4900 PENN AVE S,44.914053,-93.308837
4900 PLEASANT AVE,44.914045,-93.283883
4900 QUEEN AVE S,44.914062,-93.310106
4900 RUSSELL AVE S,44.914075,-93.311375
4900 SHERIDAN AVE S,44.914088,-93.312641
4900 UPTON AVE S,44.914113,-93.315159
4900 XERXES AVE S,44.9141308,-93.3191847
4906 39TH AVE S,44.914187,-93.2165979
491 CENTRAL AVE SE,44.9886826,-93.2535245
4927 FRANCE AVE S,44.9140396,-93.3289374
4948 PLEASANT AVE,44.9129616,-93.283876
498 ALDRICH AVE N,45.0185244,-93.2893042
5 22ND AVE N,45.0014137,-93.2770117
5 CLARENCE AVE SE,44.9692596,-93.2116378
50 16TH AVE NE,45.003809,-93.270285
50 16TH ST N,44.975632,-93.285467
50 22ND AVE NE,45.0099896,-93.26971
50 23RD AVE NE,45.0109857,-93.2704107
50 3RD ST S,44.9723468,-93.2491247
50 4TH ST S,44.9696892,-93.2395753
50 5TH ST S,44.9785441,-93.2701983
50 6TH ST S,44.9777295,-93.2709349
50 7TH ST S,44.9774359,-93.2733364
50 8TH ST S,44.9757343,-93.2725123
50 ALDRICH AVE N,44.9726808,-93.2891401
50 ALICE RAINVILLE PL,44.9707755,-93.2764461
50 BEDFORD ST SE,44.968053,-93.2092598
50 COLFAX AVE N,44.977617,-93.2915736
50 HARVARD ST SE,44.9752683,-93.2306279
50 ORTMAN ST,44.986524,-93.2558945
50 PLEASANT ST SE,44.978271,-93.23532
50 RAMSEY CIR,44.993178,-93.266325
50 UNION ST SE,44.9759775,-93.231085
500 10TH AVE N,44.98781,-93.2843
500 10TH AVE SE,44.983741,-93.240346
500 10TH ST S,44.971128,-93.267667
500 11TH AVE S,44.972422,-93.255781
500 11TH AVE SE,44.983187,-93.238945
500 12TH AVE SE,44.982632,-93.237544
500 13TH AVE NE,45.000818,-93.260072
500 14TH AVE SE,44.98154,-93.234781
500 14TH ST E,44.9690936,-93.2685856
500 15TH AVE NE,45.002996,-93.260057
500 15TH AVE S,44.970121,-93.250377
500 15TH AVE SE,44.980936,-93.233444
500 15TH ST E,44.9682807,-93.2687242
500 15TH ST W,44.968003,-93.2839654
500 16TH ST E,44.9672036,-93.2733355
500 17TH AVE NE,45.005166,-93.260073
500 17TH ST E,44.9663865,-93.260322
500 18TH AVE N,44.9980192,-93.3171748
500 18TH AVE SE,44.9895971,-93.2269783
500 19TH AVE NE,45.007388,-93.259869
500 19TH AVE S,44.9412516,-93.2448373
500 19TH ST E,44.964037,-93.268816
500 1ST AVE N,44.980408,-93.2740075
500 1ST AVE NE,44.989968,-93.254007
500 1ST ST S,44.9822835,-93.2631055
500 20TH AVE S,44.968769,-93.244188
500 21ST AVE S,44.9687185,-93.2428184
500 22ND AVE NE,45.009916,-93.260187
500 22ND AVE S,44.968748,-93.241019
500 22ND ST E,44.960972,-93.268795
500 22ND ST W,44.9608483,-93.3139294
500 23RD AVE NE,45.011,-93.260187
500 23RD AVE SE,44.9754985,-93.2226251
500 24TH AVE S,44.966425,-93.238011
500 24TH ST E,44.959284,-93.26893
500 24TH ST W,44.9591558,-93.3115983
500 25TH AVE S,44.9349332,-93.2359271
500 25TH ST E,44.957399,-93.268793
500 25TH ST W,44.9573952,-93.328806
500 26TH ST E,44.955607,-93.26877
500 26TH ST W,44.955622,-93.285674
500 27TH ST E,44.953814,-93.2688
500 27TH ST W,44.953817,-93.285689
500 28TH ST E,44.952021,-93.268823
500 28TH ST W,44.9519712,-93.314068
500 29TH ST E,44.950141,-93.268832
500 2ND AVE N,44.981214,-93.275062
500 2ND AVE S,44.977583,-93.268072
500 2ND AVE SE,44.988278,-93.251655
500 2ND ST N,44.986913,-93.27337
500 2ND ST NE,44.993183,-93.261853
500 2ND ST S,44.979878,-93.260358
500 2ND ST SE,44.983376,-93.249721
500 31ST ST E,44.9466749,-93.2773003
500 31ST ST W,44.946685,-93.285741
500 32ND ST E,44.945064,-93.268817
500 32ND ST W,44.9447389,-93.2962766
500 33RD ST W,44.943028,-93.285766
500 34TH ST E,44.941463,-93.268762
500 34TH ST W,44.941419,-93.285778
500 35TH ST E,44.939649,-93.26874
500 35TH ST W,44.939604,-93.28578
500 36 1/2 AVE NE,45.0069363,-93.2447474
500 36TH AVE NE,45.0344392,-93.2597033
500 36TH ST E,44.9383129,-93.2685489
500 37TH AVE NE,45.0354626,-93.2578799
500 37TH ST E,44.9359266,-93.246667
500 37TH ST W,44.935987,-93.285803
500 38TH ST W,44.9340979,-93.284034
500 39TH ST W,44.932367,-93.285826
500 3RD AVE NE,44.992013,-93.255399
500 3RD AVE S,44.977007,-93.266707
500 3RD AVE SE,44.987716,-93.250257
500 3RD ST N,44.985416,-93.275955
500 3RD ST S,44.977859,-93.26196
500 40TH ST E,44.930625,-93.268679
500 40TH ST W,44.9304776,-93.2840329
500 43RD ST E,44.925214,-93.268709
500 43RD ST W,44.925095,-93.285888
500 44TH ST E,44.9232648,-93.2269881
500 44TH ST W,44.923283,-93.285896
500 45TH ST E,44.921522,-93.2479288
500 47TH ST E,44.9181024,-93.2687437
500 48TH ST E,44.916187,-93.268325
500 49TH AVE N,45.0441631,-93.3227581
500 49TH ST W,44.914231,-93.285865
500 4TH AVE NE,44.9925415,-93.2586129
500 4TH AVE S,44.976435,-93.26535
500 4TH AVE SE,44.987161,-93.248905
500 4TH ST NE,44.994172,-93.258991
500 4TH ST S,44.976887,-93.262769
500 4TH ST SE,44.985344,-93.248198
500 53RD ST W,44.906606,-93.285903
500 5TH AVE S,44.975859,-93.263978
500 5TH AVE SE,44.986538,-93.247348
500 5TH ST NE,44.994641,-93.257518
500 5TH ST SE,44.986334,-93.247418
500 60TH ST E,44.894385,-93.2689
500 6TH AVE N,44.984434,-93.279512
500 6TH AVE SE,44.985974,-93.245933
500 6TH ST S,44.974975,-93.26439
500 6TH ST SE,44.98732,-93.246639
500 7TH AVE N,44.9866146,-93.2777836
500 7TH AVE NE,44.996675,-93.258591
500 7TH AVE SE,44.985411,-93.244528
500 7TH ST N,44.9840347,-93.2830765
500 7TH ST S,44.974016,-93.265203
500 7TH ST SE,44.9880345,-93.2458773
500 8TH AVE N,44.986411,-93.282148
500 8TH AVE NE,44.997577,-93.259152
500 8TH AVE SE,44.9850189,-93.2427155
500 8TH ST S,44.973053,-93.266019
500 8TH ST SE,44.989264,-93.245069
500 9TH AVE S,44.9702983,-93.2611689
500 9TH ST S,44.972092,-93.266843
500 9TH ST SE,44.99024,-93.24429
500 BEACON ST,44.9747692,-93.2295251
500 BROADWAY ST NE,44.9984621,-93.2597028
500 BRYANT AVE N,44.9830259,-93.290578
500 CHICAGO AVE,44.975011,-93.258863
500 DIAMOND LAKE LN,44.8958164,-93.2691615
500 DUPONT AVE N,44.9809493,-93.2930242
500 ERIE ST SE,44.971201,-93.224416
500 ESSEX ST SE,44.971239,-93.226938
500 FRANKLIN AVE E,44.962774,-93.268807
500 FRANKLIN AVE W,44.9627513,-93.305952
500 GIRARD AVE N,44.9811013,-93.297165
500 GROVELAND AVE,44.966748,-93.286869
500 HALL LN,44.9950902,-93.2851274
500 HENNEPIN AVE,44.979587,-93.272765
500 HENNEPIN AVE E,44.989119,-93.252782
500 HUMBOLDT AVE N,44.982774,-93.298079
500 HURON BLVD SE,44.971202,-93.223016
500 KASOTA AVE,44.977324,-93.207828
500 KNOX AVE N,44.982827,-93.3017112
500 LAKE ST E,44.948435,-93.268854
500 LAKE ST W,44.9505982,-93.310528
500 LOWRY AVE NE,45.013083,-93.260171
500 LYN PARK CIR N,44.996993,-93.28634
500 LYN PARK LN N,44.996079,-93.286549
500 MALCOLM AVE SE,44.972013,-93.211367
500 MARQUETTE AVE,44.978168,-93.269445
500 MIDTOWN GREENWAY E,44.9523406,-93.2441367
500 MIDTOWN GREENWAY W,44.9487316,-93.3227503
500 NEWTON AVE N,44.9827858,-93.3054847
500 NICOLLET MALL,44.9787196,-93.2711622
500 OAK ST SE,44.9765875,-93.226453
500 OLIVER AVE N,44.9827816,-93.306776
500 ONTARIO ST SE,44.971199,-93.225796
500 PARK AVE,44.974713,-93.261249
500 PENN AVE N,44.982774,-93.308187
500 PILLSBURY DR SE,44.9762325,-93.2314338
500 PORTLAND AVE,44.975286,-93.262618
500 QUEEN AVE N,44.9828123,-93.309497
500 RAMSEY ST NE,44.9961877,-93.2689853
500 UNIVERSITY AVE NE,45.0374593,-93.2627274
500 UNIVERSITY AVE SE,44.9691552,-93.2104315
500 WASHINGTON AVE N,45.0294322,-93.2865803
5000 15TH AVE S,44.91215,-93.253817
5000 1ST AVE S,44.912292,-93.276866
5000 30TH AVE S,44.912459,-93.229762
5000 34TH AVE S,44.9123452,-93.2232166
5000 37TH AVE S,44.912498,-93.219134
5000 39TH AVE S,44.912501,-93.216563
5000 42ND AVE S,44.912511,-93.212725
5000 43RD AVE S,44.912517,-93.211466
5000 4TH ST N,45.0459145,-93.2861276
5000 54TH ST E,44.905489,-93.202318
5000 ABBOTT AVE S,44.9123437,-93.322947
5000 BEARD AVE S,44.9123263,-93.3242865
5000 BLOOMINGTON AVE,44.9122946,-93.252817
5000 BRYANT AVE N,44.9822005,-93.2908521
5000 CHICAGO AVE,44.9123539,-93.2629649
5000 CHOWEN AVE S,44.9123314,-93.3255764
5000 DUPONT AVE N,44.9809493,-93.2930242
5000 DUPONT AVE S,44.912154,-93.293467
5000 FRANCE AVE S,44.9122115,-93.3293665
5000 GARFIELD AVE,44.9555284,-93.2867731
5000 HIAWATHA AVE,44.912541,-93.210631
5000 KNOX AVE S,44.912261,-93.302398
5000 LYNDALE AVE S,44.912185,-93.288371
5000 NICOLLET AVE,44.91272,-93.278133
5000 PENN AVE N,44.9825103,-93.3083141
5000 PENN AVE S,44.9121205,-93.3091416
5000 RUSSELL AVE S,44.9122616,-93.3115867
5000 SHERIDAN AVE S,44.912271,-93.312614
5000 UPTON AVE S,44.912294,-93.315149
5000 VINCENT AVE S,44.912305,-93.316415
5000 WASHBURN AVE S,44.91221,-93.317975
5000 WENTWORTH AVE,44.912524,-93.2824
5000 WOODLAWN BLVD,44.9123781,-93.233428
5000 XERXES AVE S,44.9123116,-93.3190923
5000 YORK AVE S,44.9123364,-93.3204341
5022 34TH AVE S,44.9115101,-93.2232035
51 SPRUCE PL,44.972237,-93.2819731
51 THEODORE WIRTH PKWY,45.0026242,-93.3173253
510 5TH ST NE,44.9949125,-93.2577005
5100 17TH AVE S,44.91054,-93.250007
5100 27TH AVE S,44.910029,-93.233592
5100 28TH AVE S,44.9106499,-93.2325639
5100 34TH AVE S,44.910471,-93.223247
5100 36TH AVE S,44.910697,-93.2206019
5100 38TH AVE S,44.9106893,-93.2180959
5100 40TH AVE S,44.9106362,-93.2154985
5100 42ND AVE S,44.9106707,-93.2129349
5100 6TH ST N,45.0476829,-93.287355
5100 BELMONT AVE S,,
5100 BRYANT AVE N,44.9822005,-93.2908521
5100 CAMDEN AVE N,45.047663,-93.2886488
5100 CHOWEN AVE S,44.9105673,-93.3255944
5100 COLUMBUS AVE,44.910413,-93.2641913
5100 DREW AVE S,44.9105767,-93.3268697
5100 DUPONT AVE N,44.9809493,-93.2930242
5100 DUPONT AVE S,44.91039,-93.293478
5100 EWING AVE S,44.9105581,-93.3280447
5100 FREMONT AVE N,45.0297379,-93.2957681
5100 HIAWATHA AVE,44.910661,-93.208537
5100 PARK AVE,44.9105538,-93.265624
5100 PENN AVE S,44.9104222,-93.3090049
5100 THOMAS AVE S,44.910477,-93.314061
5100 UPTON AVE S,44.910487,-93.315145
5100 WENTWORTH AVE,44.910155,-93.280719
5100 WOODLAWN BLVD,44.9107277,-93.2338539
5100 ZENITH AVE S,44.9105189,-93.3216545
5101 LYNDALE AVE S,44.910013,-93.288154
511 GRANT ST E,44.9703398,-93.2694569
511 HENNEPIN AVE E,44.9895299,-93.251863
512 11TH AVE N,44.9894565,-93.2856776
513 SUMMER ST NE,44.9969968,-93.231321
5160 WOODLAWN BLVD,44.9101952,-93.2348948
52 SEYMOUR AVE SE,44.9678962,-93.2139251
520 22ND AVE NE,45.0097766,-93.259101
5200 13TH AVE S,44.908752,-93.256388
5200 28TH AVE S,44.908838,-93.2325851
5200 30TH AVE S,44.908852,-93.229793
5200 33RD AVE S,44.9088412,-93.2246687
5200 35TH AVE S,44.9088574,-93.2219277
5200 40TH AVE S,44.908878,-93.215327
5200 41ST AVE S,44.908881,-93.214053
5200 47TH AVE S,44.9089,-93.206401
5200 ABBOTT AVE S,44.908736,-93.322972
5200 BRYANT AVE N,44.9822005,-93.2908521
5200 BRYANT AVE S,44.907633,-93.290933
5200 CAMDEN AVE N,45.0494643,-93.2887003
5200 CHOWEN AVE S,44.9087324,-93.3255041
5200 CLINTON AVE,44.9087007,-93.2717501
5200 COLUMBUS AVE,44.9087344,-93.264251
5200 DUPONT AVE N,44.9809493,-93.2930242
5200 EWING AVE S,44.9087818,-93.3280596
5200 FRANCE AVE S,44.908781,-93.329133
5200 HUMBOLDT AVE N,44.9828517,-93.298195
5200 LOGAN AVE N,44.9784922,-93.3032752
5200 LOGAN AVE S,44.9085826,-93.3039401
5200 MORGAN AVE S,44.908606,-93.304954
5200 NICOLLET AVE,44.908664,-93.27817
5200 OLIVER AVE N,45.049521,-93.307951
5200 PENN AVE N,44.9825103,-93.3083141
5200 PENN AVE S,44.908065,-93.308777
5200 UPTON AVE S,44.908678,-93.314721
5200 VINCENT AVE S,44.908694,-93.316408
5200 ZENITH AVE S,44.908734,-93.321481
524 BROADWAY ST NE,44.998625,-93.259055
5240 CLINTON AVE,44.9072515,-93.2720119
5250 HARRIET AVE,44.9067634,-93.2856427
5250 LYNDALE AVE S,44.9067654,-93.288168
5250 NICOLLET AVE,44.9083732,-93.2781731
528 CHICAGO AVE,44.9747979,-93.259043
5300 11TH AVE S,44.9069087,-93.2591357
5300 12TH AVE S,44.9069201,-93.2579155
5300 13TH AVE S,44.906944,-93.256404
5300 32ND AVE S,44.906148,-93.225279
5300 35TH AVE S,44.9070715,-93.2219395
5300 38TH AVE S,44.907062,-93.217889
5300 ALDRICH AVE S,44.906771,-93.289666
5300 BLOOMINGTON AVE,44.906936,-93.252589
5300 CHATEAU PL,44.906928,-93.25209
5300 CHOWEN AVE S,44.9069716,-93.3254839
5300 COLFAX AVE S,44.906772,-93.292207
5300 DUPONT AVE S,44.906773,-93.293485
5300 EAST LAKE NOKOMIS PKWY,44.9066133,-93.2382587
5300 FREMONT AVE S,44.906787,-93.2962115
5300 GARFIELD AVE,44.906394,-93.287134
5300 GIRARD AVE S,44.9067657,-93.2975693
5300 GRAND AVE S,44.906825,-93.284548
5300 HARRIET AVE,44.906402,-93.285845
5300 LYNDALE AVE S,44.9066849,-93.2887271
5300 NOKOMIS AVE S,44.9070606,-93.2287881
5300 PENN AVE S,44.9068349,-93.3089541
5300 WASHBURN AVE S,44.906911,-93.317669
5300 WOODLAWN BLVD,44.907449,-93.236655
5318 UPTON AVE S,44.9067651,-93.3147049
5321 PENN AVE S,44.9061993,-93.3083688
536 MORGAN AVE N,44.9831724,-93.3044067
5364 UPTON AVE S,44.9058591,-93.314467
538 11TH AVE S,44.9723611,-93.2558326
538 21ST AVE S,44.9685924,-93.2425954
54 DE LASALLE DR,,
5400 25TH AVE S,44.905189,-93.236247
5400 26TH AVE S,44.9052,-93.234973
5400 27TH AVE S,44.905204,-93.233699
5400 30TH AVE S,44.9052379,-93.2300777
5400 31ST AVE S,44.9052178,-93.2275556
5400 33RD AVE S,44.90525,-93.224436
5400 40TH AVE S,44.905257,-93.21535
5400 BLOOMINGTON AVE,44.8997802,-93.2526351
5400 COLUMBUS AVE,44.905096,-93.2643126
5400 CUMBERLAND RD,44.904944,-93.311424
5400 DUPONT AVE S,44.9049745,-93.2936591
5400 EMERSON AVE S,44.9049641,-93.2949264
5400 GARFIELD AVE,44.903857,-93.287134
5400 HUMBOLDT AVE S,44.9513234,-93.3008206
5400 IRVING AVE S,44.9049636,-93.3000417
5400 LYNDALE AVE S,44.9048133,-93.2886588
5400 NICOLLET AVE,44.905043,-93.278206
5400 OLIVER AVE S,44.9050066,-93.307698
5400 PARK AVE,44.9050887,-93.2655841
5400 PENN AVE S,44.9048805,-93.3090257
5400 PORTLAND AVE,44.905113,-93.267418
5400 VINCENT AVE S,44.905101,-93.316385
5400 WASHBURN AVE S,44.905107,-93.317658
5400 XERXES AVE S,44.905116,-93.318933
5420 HARRIET AVE,44.9037918,-93.28586
5450 NICOLLET AVE,44.903852,-93.278199
5450 UPTON AVE S,44.9039631,-93.3144769
550 19TH AVE S,44.968341,-93.245523
550 36TH AVE NE,45.0344424,-93.2580243
5500 29TH AVE S,44.9033764,-93.2313698
5500 30TH AVE S,44.9033907,-93.2300899
5500 34TH AVE S,44.9034237,-93.2232226
5500 35TH AVE S,44.903446,-93.2219019
5500 41ST AVE S,44.9034336,-93.2142876
5500 CLINTON AVE,44.903055,-93.271804
5500 FREMONT AVE S,44.9031295,-93.2962164
5500 GARFIELD AVE,44.903176,-93.287136
5500 HARRIET AVE,44.9031488,-93.2860699
5500 IRVING AVE S,44.903161,-93.3000641
5500 LYNDALE AVE S,44.903155,-93.288408
5500 NEWTON AVE S,44.9031852,-93.3064218
5500 OLIVER AVE S,44.9031714,-93.3077146
5500 PARK AVE,44.9032494,-93.2656401
5500 PENN AVE S,44.90322,-93.308757
5500 PLEASANT AVE,44.9031402,-93.2835522
5500 THOMAS AVE S,44.903262,-93.313838
5500 VINCENT AVE S,44.903267,-93.31672
5500 WASHBURN AVE S,44.903304,-93.317645
5500 XERXES AVE S,44.903304,-93.318941
5501 QUEEN AVE S,44.903227,-93.3098
5572 CEDAR AVE S,44.9022454,-93.2475969
5600 10TH AVE S,44.9014451,-93.260585
5600 12TH AVE S,44.9014486,-93.2580812
5600 15TH AVE S,44.9014695,-93.2542027
5600 34TH AVE S,44.9015931,-93.2232549
5600 45TH AVE S,44.9016609,-93.2092136
5600 BLAISDELL AVE,44.901385,-93.279437
5600 BRYANT AVE S,44.901336,-93.290957
5600 CHICAGO AVE,44.901451,-93.262821
5600 COLFAX AVE S,44.90134,-93.29223
5600 DUPONT AVE S,44.901343,-93.293497
5600 EMERSON AVE S,44.901351,-93.294763
5600 FREMONT AVE S,44.901355,-93.296038
5600 JAMES AVE S,44.901378,-93.301126
5600 NICOLLET AVE,44.901389,-93.278178
5600 PENN AVE S,44.901412,-93.308771
5600 XERXES AVE S,44.901496,-93.318941
5634 XERXES AVE S,44.9009876,-93.318941
5700 12TH AVE S,44.8996161,-93.258145
5700 15TH AVE S,44.899595,-93.2542319
5700 18TH AVE S,44.898651,-93.24841
5700 23RD AVE S,44.899716,-93.238831
5700 44TH AVE S,44.899837,-93.210312
5700 BLOOMINGTON AVE,44.899639,-93.252766
5700 BOSSEN TERR,44.8997981,-93.2261923
5700 DUPONT AVE S,44.899562,-93.293504
5700 LYNDALE AVE S,44.899535,-93.288416
5700 NICOLLET AVE,44.899573,-93.278193
5700 RUSSELL AVE S,44.899627,-93.31132
5700 STANDISH AVE,44.899704,-93.240083
5800 DUPONT AVE S,44.897731,-93.293504
5800 LOGAN AVE S,44.897776,-93.303582
5800 LYNDALE AVE S,44.897708,-93.288417
5800 NICOLLET AVE,44.8976065,-93.278496
5800 PENN AVE S,44.897803,-93.308786
5800 SUNRISE DR,44.897026,-93.298727
5800 THOMAS AVE S,44.896678,-93.313861
5800 VINCENT AVE S,44.897808,-93.3166401
5800 WASHBURN AVE S,44.897867,-93.317681
581 CENTRAL AVE NE,45.0358215,-93.2473553
5832 SUNRISE DR,44.8971453,-93.2982427
59 GROVELAND TERR,44.9684028,-93.291295
5900 27TH AVE S,44.895978,-93.23379
5900 CHICAGO AVE,44.895981,-93.262936
5900 PORTLAND AVE,44.895911,-93.267886
5900 SUNRISE DR,44.895404,-93.300962
5900 THOMAS AVE S,44.896041,-93.313867
5900 VINCENT AVE S,44.8960313,-93.3166011
5900 WASHBURN AVE S,44.896068,-93.317674
596 GROVELAND TERR,44.9685122,-93.2915316
5970 NICOLLET AVE,44.8947709,-93.2782196
60 11TH ST S,44.9737616,-93.2776924
60 12TH ST S,44.9741597,-93.2800359
60 26TH AVE NE,45.0148834,-93.270758
60 28TH AVE NE,45.0185182,-93.2706046
60 6TH AVE NE,44.9925419,-93.2657677
60 BROADWAY ST NE,44.9986204,-93.2680455
600 10TH AVE S,44.972043,-93.257963
600 10TH AVE SE,44.984727,-93.239575
600 10TH ST S,44.970562,-93.266309
600 11TH AVE S,44.971466,-93.256595
600 11TH AVE SE,44.984166,-93.238171
600 12TH AVE S,44.970892,-93.25524
600 12TH AVE SE,44.983612,-93.236746
600 13TH AVE NE,45.000821,-93.258715
600 13TH AVE S,44.97031,-93.253951
600 13TH AVE SE,44.98307,-93.235387
600 14TH AVE SE,44.982516,-93.234011
600 14TH ST E,44.968998,-93.267481
600 15TH AVE S,44.969155,-93.251188
600 15TH AVE SE,44.9823488,-93.2318565
600 15TH ST E,44.968147,-93.267482
600 15TH ST W,44.9688747,-93.2868203
600 16TH AVE S,44.968557,-93.249808
600 16TH ST E,44.967258,-93.267481
600 17TH AVE NE,45.005162,-93.258731
600 18TH AVE NE,45.006323,-93.256982
600 19TH AVE NE,45.007387,-93.258345
600 19TH AVE S,44.966784,-93.245825
600 19TH ST E,44.964038,-93.267481
600 1ST AVE N,44.9791452,-93.2758894
600 1ST AVE NE,44.990456,-93.2526
600 20TH AVE NE,45.008478,-93.258342
600 20TH AVE S,44.967641,-93.244195
600 21ST AVE N,45.000326,-93.286643
600 21ST AVE S,44.967628,-93.242601
600 22ND AVE N,45.001572,-93.286634
600 22ND AVE NE,45.009915,-93.258341
600 22ND AVE S,44.9671229,-93.2410151
600 22ND ST E,44.960986,-93.267485
600 22ND ST W,44.9608483,-93.3139294
600 23RD AVE N,45.002653,-93.286627
600 23RD AVE NE,45.010999,-93.258975
600 23RD AVE S,44.966723,-93.239427
600 24TH AVE N,45.003765,-93.286641
600 24TH AVE S,44.9668107,-93.2378928
600 24TH ST E,44.959183,-93.2243759
600 24TH ST W,44.9591558,-93.3115983
600 25TH AVE N,45.004973,-93.2866808
600 25TH AVE S,44.967466,-93.236291
600 25TH AVE SE,44.9757508,-93.2170455
600 25TH ST E,44.957399,-93.267492
600 25TH ST W,44.9573952,-93.328806
600 26TH AVE N,45.0059839,-93.3028631
600 26TH AVE NE,45.0144578,-93.2585041
600 26TH AVE S,44.967199,-93.234711
600 26TH AVE SE,44.9719062,-93.2207819
600 26TH ST E,44.955607,-93.267497
600 26TH ST W,44.955618,-93.28694
600 27TH AVE NE,45.01674,-93.256587
600 27TH AVE S,44.967077,-93.233124
600 27TH ST E,44.953825,-93.267519
600 27TH ST W,44.953814,-93.286955
600 28TH ST E,44.952022,-93.267542
600 28TH ST W,44.9519712,-93.314068
600 29TH AVE N,45.00954,-93.2919952
600 29TH ST W,44.951198,-93.3175868
600 2ND AVE N,44.980419,-93.276197
600 2ND AVE S,44.976622,-93.268889
600 2ND AVE SE,44.989252,-93.250895
600 2ND ST NE,44.993964,-93.262384
600 2ND ST S,44.978711,-93.257592
600 2ND ST SE,44.982236,-93.246945
600 31ST ST E,44.9466749,-93.2773003
600 31ST ST W,44.9468088,-93.2870707
600 32ND ST E,44.945066,-93.267549
600 32ND ST W,44.944825,-93.287033
600 33RD ST E,44.943262,-93.267514
600 33RD ST W,44.943018,-93.287062
600 34TH ST E,44.941464,-93.267479
600 34TH ST W,44.941419,-93.287063
600 35TH ST E,44.939649,-93.266187
600 35TH ST W,44.939605,-93.287074
600 36TH AVE N,45.020383,-93.286681
600 36TH ST E,44.937857,-93.267419
600 36TH ST W,44.937799,-93.287085
600 37TH AVE N,45.022197,-93.286695
600 37TH AVE NE,45.0353319,-93.2563831
600 37TH ST E,44.9359266,-93.246667
600 37TH ST W,44.935984,-93.2871
600 38TH ST E,44.93424,-93.267366
600 38TH ST W,44.9340979,-93.284034
600 39TH ST E,44.932444,-93.267366
600 39TH ST W,44.932361,-93.287132
600 3RD AVE NE,44.992623,-93.254094
600 3RD AVE S,44.976048,-93.267523
600 3RD AVE SE,44.988695,-93.249485
600 3RD ST N,44.986212,-93.277076
600 3RD ST S,44.977275,-93.260594
600 40TH ST E,44.930632,-93.267366
600 40TH ST W,44.9304776,-93.2840329
600 41ST AVE N,45.029439,-93.287276
600 41ST ST E,44.928835,-93.267374
600 41ST ST W,44.928715,-93.287154
600 43RD ST E,44.925226,-93.267412
600 43RD ST W,44.925086,-93.287178
600 44TH ST E,44.9232648,-93.2269881
600 44TH ST W,44.923275,-93.287193
600 46TH ST E,44.919807,-93.267521
600 47TH ST E,44.917994,-93.267541
600 47TH ST W,44.917845,-93.287186
600 48TH ST E,44.916193,-93.267564
600 49TH ST E,44.914381,-93.267572
600 4TH AVE S,44.975477,-93.266159
600 4TH AVE SE,44.988155,-93.24812
600 4TH ST NE,44.994945,-93.259517
600 4TH ST S,44.9763801,-93.2611783
600 4TH ST SE,44.984785,-93.246807
600 50TH ST W,44.9123324,-93.2961273
600 52ND AVE N,45.049406,-93.28784
600 53RD ST W,44.906599,-93.287192
600 54TH ST W,44.90517,-93.287192
600 55TH ST W,44.903378,-93.287196
600 57TH ST E,44.90059,-93.266109
600 59TH ST E,44.896365,-93.267588
600 5TH AVE N,44.9827703,-93.2908486
600 5TH AVE S,44.974904,-93.264788
600 5TH AVE SE,44.987517,-93.246545
600 5TH ST N,44.9849153,-93.2795213
600 5TH ST SE,44.985775,-93.246025
600 60TH ST E,44.894392,-93.267618
600 6TH AVE N,44.9852473,-93.2781799
600 6TH AVE SE,44.98696,-93.245152
600 6TH ST S,44.974406,-93.263032
600 6TH ST SE,44.9847284,-93.2392551
600 7TH AVE N,44.985395,-93.285705
600 7TH AVE SE,44.986399,-93.24375
600 7TH ST N,44.9840894,-93.283154
600 7TH ST S,44.968692,-93.251309
600 7TH ST SE,44.9876693,-93.2444219
600 8TH AVE N,44.986421,-93.285703
600 8TH AVE NE,44.9978445,-93.2586974
600 8TH AVE SE,44.985842,-93.242362
600 8TH ST S,44.972487,-93.264666
600 8TH ST SE,44.9885852,-93.2436196
600 9TH AVE S,44.972616,-93.259321
600 9TH ST S,44.971524,-93.265488
600 9TH ST SE,44.9887236,-93.2402318
600 ADAMS ST NE,44.995229,-93.256365
600 BEACON ST,44.9747692,-93.2295251
600 BRYANT AVE N,44.985552,-93.290008
600 BUCHANAN ST NE,44.9952696,-93.2400221
600 CEDAR AVE S,44.967497,-93.247369
600 CHICAGO AVE,44.973185,-93.260679
600 CLEVELAND ST NE,44.995206,-93.230973
600 DELAWARE ST SE,44.9706388,-93.2180529
600 DOWLING AVE N,45.0241494,-93.2868077
600 DUNWOODY BLVD,44.972404,-93.286424
600 EAST RIVER PKWY,44.9706848,-93.2328739
600 ELWOOD AVE N,44.9857576,-93.3007889
600 ERIE ST SE,44.970095,-93.224419
600 FILLMORE ST NE,44.995223,-93.242358
600 FRANKLIN AVE E,44.962775,-93.267481
600 FRANKLIN AVE W,44.9627513,-93.305952
600 FULTON ST SE,44.970177,-93.229383
600 GLENWOOD AVE,44.979072,-93.2780444
600 GODWARD ST NE,44.995339,-93.21416
600 GRANT ST E,44.9690455,-93.2656507
600 HALL LN,44.994525,-93.287237
600 HARRISON ST NE,44.9954262,-93.2474589
600 HARRY DAVIS LN,44.992919,-93.286189
600 HENNEPIN AVE,44.9790465,-93.2748697
600 HENNEPIN AVE E,44.9895296,-93.2512554
600 HOOVER ST NE,44.995381,-93.217829
600 HUMBOLDT AVE N,44.9828517,-93.298195
600 JACKSON ST NE,44.995549,-93.250003
600 JEFFERSON ST NE,44.995229,-93.255106
600 KENWOOD PKWY,44.9708358,-93.2951976
600 LAKE ST E,44.9486243,-93.2673504
600 LAKE ST W,44.9505982,-93.310528
600 LOWRY AVE NE,45.013082,-93.258975
600 MADISON ST NE,44.995229,-93.253825
600 MAIN ST SE,44.9807969,-93.2496494
600 MARQUETTE AVE,44.977197,-93.270246
600 MCKINLEY PL,44.995199,-93.22876
600 MCKINLEY ST NE,45.009904,-93.2281739
600 MIDTOWN GREENWAY E,44.9523406,-93.2441367
600 MIDTOWN GREENWAY W,44.9487316,-93.3227503
600 MONROE ST NE,44.995229,-93.252536
600 NICOLLET MALL,44.9749448,-93.2739446
600 OAK ST SE,44.9765875,-93.226453
600 OLD SAINT ANTHONY LN,,
600 OLIVER AVE N,44.984826,-93.306913
600 OLIVER AVE S,44.971629,-93.307031
600 ONTARIO ST SE,44.970093,-93.2258
600 PARK AVE,44.973757,-93.262053
600 PENN AVE N,44.984634,-93.308171
600 PIERCE ST NE,44.99522,-93.241076
600 PILLSBURY DR SE,44.9767799,-93.2326578
600 PORTLAND AVE,44.974335,-93.26343
600 QUINCY ST NE,44.995229,-93.251269
600 RUSSELL AVE N,44.984657,-93.310936
600 SPRING ST NE,44.995024,-93.254816
600 SUMMER ST NE,44.996817,-93.257349
600 SUMMIT AVE,44.9654377,-93.2962668
600 TAFT ST NE,44.995228,-93.224282
600 THEODORE WIRTH PKWY,45.0026242,-93.3173253
600 THOMAS AVE N,44.984704,-93.313253
600 UNIVERSITY AVE NE,45.0374593,-93.2627274
600 UNIVERSITY AVE SE,44.9691552,-93.2104315
600 UPTON AVE N,44.984663,-93.313544
600 UPTON AVE S,44.9712766,-93.314844
600 VAN BUREN ST NE,45.0391625,-93.2486214
600 VINCENT AVE N,44.985021,-93.315802
600 WASHINGTON AVE N,44.9871359,-93.2758888
600 WASHINGTON ST NE,44.9960417,-93.2575188
600 WEST RIVER PKWY,44.9555724,-93.214494
6000 14TH AVE S,44.894203,-93.25546
6000 COLUMBUS AVE,44.894191,-93.264201
6000 LYNDALE AVE S,44.894092,-93.288446
6000 PENN AVE S,44.89422,-93.308785
6000 PILLSBURY AVE,44.893623,-93.282047
6000 PORTLAND AVE,44.894187,-93.267909
6000 XERXES AVE S,44.9292057,-93.31883
601 CENTRAL AVE NE,45.0358215,-93.2473553
608 22ND AVE NE,45.0099142,-93.2581802
608 OAK LAKE AVE N,44.9845511,-93.285414
610 MORGAN AVE N,44.9848838,-93.3043947
610 THOMAS AVE N,44.9847688,-93.3132527
6100 11TH AVE S,44.892395,-93.25929
6100 15TH AVE S,44.892221,-93.254226
6100 COLFAX LN S,44.892308,-93.292105
6100 LYNDALE AVE S,44.892203,-93.288455
6100 PENN AVE S,44.892432,-93.308778
6100 PORTLAND AVE,44.892395,-93.267927
6100 XERXES AVE S,44.9151479,-93.3188777
6119 PORTLAND AVE,44.891839,-93.267699
612 WASHINGTON ST NE,44.9953638,-93.257399
6120 14TH AVE S,44.891147,-93.2555579
6120 WENTWORTH AVE,44.8910032,-93.2809357
614 26TH AVE NE,45.0150635,-93.2551998
614 QUEEN AVE N,44.9848701,-93.3095574
614 SHERIDAN AVE N,44.9848121,-93.3119936
616 13TH AVE NE,45.0008157,-93.2578243
616 15TH AVE NE,45.0029897,-93.2572283
616 17TH AVE NE,45.0051593,-93.2578386
616 BROADWAY ST NE,44.998629,-93.257203
616 KENWOOD PKWY,44.9700067,-93.2945576
618 32ND ST E,44.945066,-93.266638
62 22ND AVE NE,45.0099902,-93.269537
62 MALCOLM AVE SE,44.9692898,-93.2131892
620 24TH ST E,44.959183,-93.2243759
620 25TH ST E,44.957399,-93.2673022
620 26TH ST E,44.95561,-93.266214
620 27TH ST E,44.953825,-93.2673298
620 31ST ST E,44.9466749,-93.2773003
620 33RD ST E,44.9432618,-93.2673275
620 34TH ST E,44.941459,-93.266214
620 35TH ST E,44.9396484,-93.2659992
620 36TH ST E,44.9379543,-93.2661603
620 37TH ST E,44.9359266,-93.246667
620 38TH ST E,44.93424,-93.2665378
620 39TH ST E,44.9324438,-93.2671791
620 40TH ST E,44.930632,-93.266099
620 42ND ST E,44.927029,-93.266107
620 43RD ST E,44.925225,-93.26616
620 46TH ST E,44.919807,-93.266244
620 6TH AVE N,44.9852473,-93.2781799
620 8TH AVE N,44.9864237,-93.2862883
620 CESAR CHAVEZ AVE,,
620 LAKE ST E,44.9486665,-93.2662636
621 FRANKLIN AVE E,44.962613,-93.266599
622 3RD AVE N,44.981848,-93.2764171
624 22ND ST E,44.9609867,-93.2672663
624 24TH AVE NE,45.0121921,-93.2429863
624 LOWRY AVE NE,45.013239,-93.2570405
626 23RD AVE NE,45.0111643,-93.2551343
626 GRANT ST E,44.9690455,-93.2656507
626 MALCOLM AVE SE,44.9740458,-93.211247
629 19TH AVE NE,45.007559,-93.25714
629 20TH AVE NE,45.0086484,-93.2577253
630 22ND AVE NE,45.0099175,-93.2570825
630 POLK ST NE,44.9961751,-93.2449055
632 20TH AVE NE,45.0084803,-93.2572644
634 26TH AVE NE,45.0150611,-93.2549471
636 LOWRY AVE NE,45.013075,-93.2561732
638 SPRING ST NE,44.995024,-93.2544538
638 SUMMER ST NE,44.996818,-93.25643
640 13TH AVE NE,45.0008148,-93.2571291
640 15TH AVE NE,45.0029906,-93.2570037
640 17TH AVE NE,45.005175,-93.256118
640 BROADWAY ST NE,44.9986294,-93.2559062
650 23RD AVE NE,45.0111645,-93.2549225
650 24TH AVE NE,45.01208,-93.2550505
650 26TH AVE NE,45.0150592,-93.254745
650 ELWOOD AVE N,44.9852979,-93.2993375
650 HENNEPIN AVE E,44.9896986,-93.251104
654 19TH AVE NE,45.0073978,-93.2563777
658 19TH AVE NE,45.0073981,-93.2563088
660 37TH AVE NE,45.0354648,-93.2543264
660 SUMMER ST NE,44.9968197,-93.255472
666 13TH AVE NE,45.0008158,-93.2568238
666 15TH AVE NE,45.0029917,-93.2567604
666 17TH AVE NE,45.0052376,-93.2534594
668 HENNEPIN AVE E,44.9901383,-93.250358
670 22ND AVE NE,45.010084,-93.2538668
670 24TH AVE NE,45.0120801,-93.2540399
670 LOWRY AVE NE,45.013075,-93.2538431
675 OAK LAKE AVE N,44.9850388,-93.285646
677 SUMMER ST NE,44.9969869,-93.2540261
68 LOWRY AVE NE,45.0130181,-93.2687173
680 13TH AVE NE,45.0005379,-93.2531099
680 15TH AVE NE,45.0029923,-93.2566294
680 17TH AVE NE,45.0052395,-93.2531005
680 23RD AVE NE,45.0111648,-93.2546577
680 BROADWAY ST NE,44.9986296,-93.2532369
680 DOUGLAS AVE,44.9664316,-93.299463
681 CENTRAL AVE NE,45.0358215,-93.2473553
688 23RD AVE SE,44.9754985,-93.2226251
690 22ND AVE NE,45.010084,-93.2534511
690 23RD AVE NE,45.0111649,-93.2545694
690 24TH AVE NE,45.0120808,-93.2535043
690 LOWRY AVE NE,45.013076,-93.252938
694 26TH AVE NE,45.0148813,-93.2528397
698 SIBLEY ST NE,44.9982884,-93.2719207
70 13TH AVE NE,44.9993537,-93.271882
70 16TH ST N,44.975542,-93.285467
700 10TH AVE S,44.971096,-93.258766
700 10TH AVE SE,44.9858012,-93.2385409
700 10TH ST S,44.969969,-93.264897
700 11TH AVE S,44.970515,-93.257407
700 11TH AVE SE,44.98516,-93.237373
700 12TH AVE SE,44.984599,-93.235972
700 13TH AVE S,44.969326,-93.254757
700 13TH AVE SE,44.984054,-93.234616
700 14TH AVE N,44.993139,-93.288098
700 14TH AVE NE,45.0019772,-93.2685935
700 14TH AVE SE,44.983495,-93.233239
700 14TH ST E,44.969028,-93.264936
700 15TH AVE NE,45.002986,-93.252284
700 15TH AVE SE,44.982935,-93.231862
700 15TH ST E,44.968174,-93.264938
700 16TH AVE N,44.9952316,-93.3075449
700 16TH AVE S,44.9681782,-93.2501297
700 16TH ST E,44.967275,-93.264939
700 17TH AVE S,44.9178004,-93.2498633
700 18 1/2 AVE NE,45.0069363,-93.2447474
700 18TH AVE N,44.997466,-93.288161
700 18TH AVE NE,45.00586,-93.252284
700 19TH AVE NE,45.007829,-93.252275
700 19TH AVE S,44.9412516,-93.2448373
700 1ST AVE N,44.9775646,-93.277382
700 1ST ST S,44.9753317,-93.2432236
700 20TH AVE NE,45.008814,-93.252275
700 20TH AVE S,44.966521,-93.244202
700 21ST AVE N,45.000312,-93.288163
700 21ST AVE S,44.966511,-93.242604
700 22ND AVE N,45.001563,-93.288166
700 22ND AVE NE,45.0093047,-93.2517096
700 22ND AVE S,44.966498,-93.241014
700 22ND ST E,44.960994,-93.264941
700 22ND ST W,44.9608483,-93.3139294
700 23RD AVE NE,45.01079,-93.252281
700 23RD AVE S,44.9662608,-93.239427
700 24TH AVE N,45.003783,-93.28816
700 24TH AVE NE,45.012081,-93.252283
700 24TH AVE SE,44.9897305,-93.2189928
700 24TH ST E,44.959197,-93.264933
700 24TH ST W,44.9591558,-93.3115983
700 25TH AVE N,45.004882,-93.288159
700 25TH AVE S,44.966462,-93.236281
700 25TH ST E,44.957399,-93.263684
700 25TH ST W,44.9573952,-93.328806
700 26TH AVE N,45.0059839,-93.3028631
700 26TH AVE S,44.966454,-93.234702
700 26TH ST E,44.95561,-93.263666
700 26TH ST W,44.955618,-93.288214
700 27TH AVE N,45.007818,-93.3064496
700 27TH AVE NE,45.016713,-93.252284
700 27TH AVE S,44.96645,-93.233122
700 27TH ST W,44.953815,-93.288228
700 28TH ST E,44.952025,-93.263727
700 28TH ST W,44.9519712,-93.314068
700 29TH AVE N,45.00954,-93.2919952
700 29TH ST W,44.951198,-93.3175868
700 2ND AVE N,44.979045,-93.288233
700 2ND AVE S,44.97566,-93.269703
700 2ND AVE SE,44.990245,-93.250119
700 2ND ST NE,44.99538,-93.263336
700 2ND ST S,44.9785792,-93.2572812
700 2ND ST SE,44.9820308,-93.2464294
700 30TH AVE N,45.0113609,-93.2974715
700 31ST AVE N,45.012305,-93.288183
700 31ST ST E,44.9466749,-93.2773003
700 31ST ST W,44.946695,-93.28829
700 32ND ST E,44.944804,-93.265017
700 32ND ST W,44.944817,-93.288314
700 33RD AVE N,45.01498,-93.288189
700 33RD ST E,44.94326,-93.263704
700 34TH ST E,44.941454,-93.264947
700 34TH ST W,44.941413,-93.288343
700 35TH AVE N,45.018583,-93.288195
700 35TH ST W,44.939604,-93.288363
700 36TH AVE N,45.020386,-93.288205
700 36TH AVE NE,45.0335531,-93.2537138
700 36TH ST E,44.93785,-93.264894
700 36TH ST W,44.937799,-93.288382
700 37TH ST E,44.9359266,-93.246667
700 37TH ST W,44.93598,-93.288397
700 38TH ST E,44.934237,-93.264841
700 38TH ST W,44.934157,-93.288413
700 39TH AVE N,45.025832,-93.288244
700 39TH ST E,44.932439,-93.264837
700 39TH ST W,44.932355,-93.288425
700 3RD AVE NE,44.993329,-93.252254
700 3RD AVE S,44.975084,-93.268332
700 3RD AVE SE,44.9897524,-93.2487165
700 3RD ST N,44.986764,-93.277848
700 3RD ST S,44.9767,-93.259244
700 40TH AVE N,45.027648,-93.288251
700 40TH ST E,44.930629,-93.264841
700 40TH ST W,44.930521,-93.288435
700 42ND AVE N,45.031589,-93.288283
700 42ND ST E,44.927031,-93.264833
700 42ND ST W,44.926888,-93.288459
700 43RD ST E,44.925223,-93.264898
700 45TH ST E,44.921522,-93.2479288
700 46TH ST E,44.919802,-93.26497
700 47TH ST E,44.917991,-93.265001
700 47TH ST W,44.91783,-93.28848
700 48TH ST E,44.916189,-93.263742
700 4TH AVE S,44.974516,-93.266972
700 4TH ST NE,44.996273,-93.260405
700 4TH ST S,44.9757542,-93.2596694
700 4TH ST SE,44.984224,-93.245396
700 53RD ST W,44.906974,-93.288457
700 56TH ST E,44.901652,-93.265093
700 5TH AVE N,44.9829956,-93.2892549
700 5TH AVE S,44.973945,-93.265601
700 5TH AVE SE,44.9885189,-93.2455324
700 5TH ST N,44.9851193,-93.2801169
700 5TH ST NE,44.99677,-93.258979
700 5TH ST S,44.978224,-93.2693092
700 5TH ST SE,44.985211,-93.24462
700 61ST ST W,44.89249,-93.28851
700 6TH AVE SE,44.987943,-93.244373
700 6TH ST NE,44.997452,-93.257702
700 6TH ST S,44.973829,-93.261655
700 6TH ST SE,44.986199,-93.243842
700 7TH AVE SE,44.9840024,-93.245392
700 7TH ST S,44.972873,-93.262471
700 7TH ST SE,44.9870525,-93.2430139
700 8TH AVE SE,44.986832,-93.241578
700 8TH ST S,44.971912,-93.263291
700 8TH ST SE,44.9879678,-93.2422914
700 9TH AVE SE,44.986318,-93.240447
700 9TH ST S,44.970948,-93.264114
700 ADAMS ST NE,44.997024,-93.256373
700 BROADWAY ST NE,44.998628,-93.252276
700 BUCHANAN ST NE,44.997033,-93.239817
700 CEDAR AVE S,44.9573542,-93.2473437
700 CEDAR LAKE RD S,44.970998,-93.313664
700 CHICAGO AVE,44.972227,-93.261499
700 CLEVELAND ST NE,44.997103,-93.230973
700 DELAWARE ST SE,44.972472,-93.228514
700 DOUGLAS AVE,44.966482,-93.289044
700 EAST RIVER PKWY,44.970207,-93.230256
700 ELIZABETH LN,44.995972,-93.288462
700 ELWOOD AVE N,44.985569,-93.300105
700 EMERSON AVE N,44.985742,-93.293967
700 FILLMORE ST NE,44.997033,-93.242377
700 FRANKLIN AVE E,44.962783,-93.264941
700 FRANKLIN AVE W,44.9627513,-93.305952
700 FREMONT AVE N,45.0297379,-93.2957681
700 GLENWOOD AVE,44.979597,-93.288192
700 HARDING ST NE,44.997053,-93.221848
700 HENNEPIN AVE,44.9779091,-93.2752497
700 JACKSON ST NE,44.997034,-93.250013
700 JEFFERSON ST NE,44.997026,-93.255109
700 KASOTA CIR,44.981223,-93.214171
700 LAKE ST E,44.9485233,-93.2648571
700 LAKE ST W,44.9505982,-93.310528
700 LOWRY AVE NE,45.013078,-93.25229
700 MADISON ST NE,44.997028,-93.253837
700 MARQUETTE AVE,44.976228,-93.271055
700 MARSHALL ST NE,44.994288,-93.266148
700 MIDTOWN GREENWAY E,44.9523406,-93.2441367
700 MIDTOWN GREENWAY W,44.9487316,-93.3227503
700 MONROE ST NE,44.99703,-93.252551
700 NICOLLET MALL,44.9765571,-93.273489
700 OAK LAKE AVE N,44.9854,-93.285414
700 ONTARIO AVE,44.973158,-93.288232
700 PARK AVE,44.972802,-93.262869
700 PIERCE ST NE,44.997033,-93.241094
700 PLYMOUTH AVE N,44.99203,-93.288167
700 POLK ST NE,44.997032,-93.244924
700 PORTLAND AVE,44.973378,-93.264243
700 PRINTICE LN,44.994127,-93.288931
700 QUINCY ST NE,44.997032,-93.251281
700 SPRING ST NE,44.995024,-93.252245
700 SUMMER ST NE,44.996825,-93.25226
700 SUMNER CT,,
700 SUPERIOR ST SE,44.966169,-93.221934
700 TWINS WAY,44.9796736,-93.2801433
700 TYLER ST NE,44.997265,-93.246205
700 UNIVERSITY AVE NE,45.0374593,-93.2627274
700 UNIVERSITY AVE SE,44.9691552,-93.2104315
700 VAN BUREN ST NE,45.0391625,-93.2486214
700 VINELAND PL,44.969176,-93.290114
700 WASHINGTON AVE N,44.987588,-93.276682
700 WEST BROADWAY,44.999221,-93.288161
701 CENTRAL AVE NE,44.9917935,-93.2507342
704 LOGAN AVE N,44.9850377,-93.3031208
706 WASHINGTON ST NE,44.997255,-93.257639
707 10TH ST S,44.9698798,-93.2646809
707 CENTRAL AVE NE,44.9918146,-93.2507176
708 ALDRICH AVE N,45.0129473,-93.2896925
712 BRYANT AVE N,44.9856575,-93.290598
716 WASHINGTON ST NE,44.9960417,-93.2575188
717 10TH ST S,44.9692691,-93.2636473
720 26TH ST E,44.95561,-93.2634801
720 27TH ST E,44.9538266,-93.2635008
720 28TH ST E,44.9520252,-93.2635348
720 31ST ST E,44.9466749,-93.2773003
720 35TH ST E,44.939642,-93.263654
720 3RD AVE NE,44.9933978,-93.2520632
720 50TH ST E,44.9116763,-93.2592705
720 ALDRICH AVE N,45.0128682,-93.2896918
720 CEDAR AVE S,44.965115,-93.247145
720 LAKE ST E,44.9485666,-93.2636042
720 MIDTOWN GREENWAY E,44.9523406,-93.2441367
722 25TH ST E,44.957399,-93.2634954
722 33RD ST E,44.9432598,-93.2634968
722 34TH ST E,44.9414538,-93.2647427
722 36TH ST E,44.9378469,-93.2635964
722 37TH ST E,44.9359266,-93.246667
722 38TH ST E,44.9343329,-93.2635767
722 40TH ST E,44.9306285,-93.2644198
722 42ND ST E,44.927026,-93.263559
722 45TH ST E,44.921522,-93.2479288
722 46TH ST E,44.9198,-93.2636962
722 47TH ST E,44.91799,-93.2636992
722 48TH ST E,44.916189,-93.2635341
722 EAST MINNEHAHA PKWY,44.911301,-93.264047
724 52ND ST E,44.908993,-93.2209978
724 53RD ST E,44.9075949,-93.2367131
724 56TH ST E,44.9016527,-93.2648643
724 60TH ST E,44.894396,-93.2636945
724 FRANKLIN AVE E,44.9627837,-93.264714
728 30TH AVE N,45.0113609,-93.2974715
73 OAK ST SE,44.9760066,-93.2261866
730 LYNDALE PL,44.9859805,-93.2893442
730 POLK ST NE,44.997944,-93.244945
730 TYLER ST NE,44.99767,-93.2462134
731 ADAMS ST NE,44.9977168,-93.2561463
734 WASHINGTON ST NE,44.9960417,-93.2575188
736 23RD AVE S,44.9660945,-93.239427
738 14TH ST E,44.9690354,-93.2642815
738 22ND AVE S,44.9663258,-93.241014
74 10TH ST S,44.9738042,-93.2740568
74 11TH AVE NE,44.9976661,-93.2697259
74 12TH ST S,44.9740528,-93.2799477
74 23RD AVE NE,45.0109864,-93.2695634
74 27TH AVE NE,45.016714,-93.2705454
74 8TH AVE NE,44.994721,-93.2676649
74 9TH ST S,44.9747814,-93.2733802
740 14TH AVE N,44.993139,-93.2885644
746 GLENWOOD AVE,44.9797484,-93.2892797
75 BROADWAY ST NE,44.9987842,-93.2686728
750 32ND ST E,44.9448055,-93.2645415
750 9TH AVE N,44.9892467,-93.2802762
750 SPRING ST NE,44.995024,-93.2517761
750 VINELAND PL,44.9690287,-93.2896677
766 25TH AVE S,44.965555,-93.236278
77 31ST AVE NE,45.0238862,-93.2719898
78 BEDFORD ST SE,44.9666461,-93.2092093
780 14TH AVE N,44.993139,-93.2892485
780 WEEKS AVE SE,44.9848268,-93.2130664
80 11TH ST S,44.9736587,-93.2774399
80 EMERALD ST,44.9652969,-93.2078535
800 10TH AVE SE,44.986651,-93.237999
800 11TH AVE N,44.9889956,-93.2938675
800 11TH AVE S,44.969565,-93.258236
800 11TH AVE SE,44.986128,-93.236602
800 12TH AVE S,44.968865,-93.256772
800 12TH AVE SE,44.985576,-93.235217
800 13TH AVE S,44.968337,-93.255552
800 13TH AVE SE,44.985024,-93.23384
800 14TH AVE N,44.993139,-93.289679
800 14TH AVE NE,45.002206,-93.251031
800 14TH AVE SE,44.984475,-93.232464
800 14TH ST E,44.968971,-93.262355
800 15TH AVE NE,45.003526,-93.249641
800 15TH AVE SE,44.983918,-93.231085
800 15TH ST E,44.968116,-93.262366
800 16TH AVE N,44.9952316,-93.3075449
800 16TH AVE SE,44.9789082,-93.2334156
800 18 1/2 AVE NE,45.0069363,-93.2447474
800 18TH AVE N,44.99747,-93.289671
800 18TH AVE NE,45.005856,-93.25075
800 19TH AVE NE,45.0077055,-93.2506981
800 19TH ST E,44.964023,-93.262369
800 1ST ST N,44.9906553,-93.2766429
800 20TH AVE NE,45.008814,-93.250734
800 20TH AVE S,44.965132,-93.244189
800 21ST AVE N,45.00032,-93.289688
800 21ST AVE S,44.965131,-93.242614
800 21ST ST E,44.961902,-93.262377
800 22ND AVE N,45.00157,-93.289691
800 22ND AVE NE,45.009809,-93.250727
800 22ND ST E,44.961001,-93.262385
800 22ND ST W,44.9608483,-93.3139294
800 23RD AVE NE,45.01079,-93.2516744
800 24TH AVE NE,45.012081,-93.250738
800 24TH ST E,44.959201,-93.262385
800 24TH ST W,44.9591558,-93.3115983
800 25TH AVE N,45.0049784,-93.2897532
800 25TH AVE S,44.965164,-93.236279
800 25TH ST E,44.957399,-93.262376
800 25TH ST W,44.9573952,-93.328806
800 26TH AVE N,45.0059839,-93.3028631
800 26TH AVE NE,45.014879,-93.250742
800 26TH AVE S,44.9026063,-93.2348802
800 26TH ST E,44.95561,-93.262407
800 26TH ST W,44.955619,-93.289496
800 27TH AVE S,44.965182,-93.23311
800 27TH ST E,44.953818,-93.28951
800 27TH ST W,44.953818,-93.28951
800 28TH AVE S,44.965184,-93.231538
800 28TH ST E,44.9540508,-93.2613375
800 28TH ST W,44.9519712,-93.314068
800 29TH AVE N,45.00954,-93.2919952
800 29TH AVE S,44.965152,-93.229978
800 29TH AVE SE,44.984876,-93.212574
800 29TH ST W,44.951198,-93.3175868
800 2ND AVE N,44.97905,-93.2897
800 2ND AVE S,44.974684,-93.270529
800 2ND ST N,44.9897684,-93.2773713
800 2ND ST NE,44.996249,-93.263959
800 2ND ST S,44.9782703,-93.2565575
800 2ND ST SE,44.9818256,-93.2459139
800 30TH AVE N,45.0115367,-93.290045
800 31ST AVE N,45.012313,-93.289975
800 31ST ST E,44.9466749,-93.2773003
800 31ST ST W,44.94669,-93.289571
800 32ND ST E,44.944812,-93.262469
800 32ND ST W,44.944811,-93.289603
800 33RD AVE N,45.014991,-93.289449
800 33RD ST E,44.943259,-93.262433
800 33RD ST W,44.943014,-93.289615
800 34TH ST E,44.941449,-93.262392
800 34TH ST W,44.941415,-93.289626
800 35TH AVE N,45.018607,-93.289457
800 35TH ST E,44.939638,-93.262372
800 35TH ST W,44.939603,-93.289645
800 36TH AVE N,45.0204,-93.289457
800 36TH ST E,44.937843,-93.262353
800 36TH ST W,44.937796,-93.289664
800 37TH AVE N,45.022209,-93.289471
800 37TH AVE NE,45.0352965,-93.2508713
800 37TH ST E,44.936033,-93.26233
800 37TH ST W,44.935981,-93.289675
800 38TH ST E,44.934231,-93.262302
800 38TH ST W,44.9340979,-93.284034
800 39TH AVE N,45.025841,-93.289518
800 39TH ST E,44.932434,-93.2623
800 39TH ST W,44.932344,-93.289682
800 3RD AVE N,44.9811614,-93.289962
800 3RD AVE NE,44.9936732,-93.2513002
800 3RD AVE S,44.974119,-93.269152
800 3RD ST N,44.988186,-93.279843
800 3RD ST S,44.976125,-93.257863
800 40TH ST E,44.930626,-93.2623
800 41ST AVE N,45.029453,-93.289552
800 41ST ST E,44.928827,-93.262319
800 41ST ST W,44.92871,-93.289712
800 44TH ST E,44.923407,-93.262361
800 44TH ST W,44.92327,-93.289762
800 47TH ST E,44.917988,-93.262449
800 48TH ST E,44.916189,-93.262468
800 49TH AVE N,45.0441631,-93.3227581
800 49TH ST E,44.914385,-93.262468
800 4TH AVE N,44.981753,-93.289687
800 4TH AVE S,44.973531,-93.267775
800 4TH ST NE,44.997248,-93.261083
800 4TH ST S,44.975238,-93.258696
800 4TH ST SE,44.983672,-93.244007
800 50TH ST W,44.9123324,-93.2961273
800 51ST AVE N,45.0475315,-93.295009
800 51ST ST W,44.910583,-93.289727
800 54TH ST E,44.905326,-93.262446
800 55TH ST E,44.903497,-93.262492
800 56TH ST E,44.901656,-93.26253
800 5TH AVE N,44.9834267,-93.2897512
800 5TH AVE S,44.972982,-93.266417
800 5TH AVE SE,44.989463,-93.244977
800 5TH ST N,44.986474,-93.282015
800 5TH ST NE,44.997741,-93.259648
800 5TH ST SE,44.984656,-93.243236
800 60TH ST E,44.894396,-93.262682
800 6TH AVE SE,44.988913,-93.243592
800 6TH ST S,44.973256,-93.260281
800 6TH ST SE,44.985643,-93.242453
800 7TH ST S,44.972298,-93.261101
800 7TH ST SE,44.9865104,-93.2416106
800 8TH AVE N,44.9884702,-93.279196
800 8TH ST S,44.9753021,-93.27203
800 8TH ST SE,44.987611,-93.240896
800 9TH AVE S,44.9707,-93.260957
800 9TH AVE SE,44.987251,-93.239408
800 9TH ST S,44.970376,-93.262746
800 ALDRICH AVE N,45.0185244,-93.2893042
800 AUTUMN ST,44.998449,-93.249734
800 BEACON ST,44.974581,-93.226929
800 BROADWAY ST NE,44.998629,-93.251001
800 CEDAR AVE S,44.9170651,-93.2473123
800 CHICAGO AVE,44.971268,-93.262319
800 DOUGLAS AVE,44.9664812,-93.2894248
800 DOWLING AVE N,45.024021,-93.289502
800 EAST RIVER PKWY,44.966159,-93.22304
800 ELWOOD AVE N,44.986502,-93.301447
800 EMERSON AVE N,44.986478,-93.293967
800 ESSEX ST SE,44.9712398,-93.2261209
800 FRANKLIN AVE E,44.962792,-93.262377
800 FRANKLIN AVE W,44.9627513,-93.305952
800 FULTON ST SE,44.970133,-93.226938
800 HAWTHORNE AVE,44.9765017,-93.2792807
800 HENNEPIN AVE,44.9773214,-93.2764024
800 HENNEPIN AVE E,44.9734401,-93.2268696
800 HURON ST SE,,
800 LAKE ST E,44.948439,-93.262498
800 LAKE ST W,44.9505982,-93.310528
800 LASALLE AVE,44.9764705,-93.2751805
800 LAUREL AVE,44.9739776,-93.2842216
800 LOGAN AVE N,44.986218,-93.303113
800 LOWRY AVE NE,45.0130367,-93.2506307
800 MAIN ST SE,44.9810964,-93.246571
800 MARQUETTE AVE,44.975245,-93.271894
800 MARSHALL ST NE,44.99526,-93.266813
800 MIDTOWN GREENWAY E,44.950314,-93.2927436
800 MIDTOWN GREENWAY W,44.9487316,-93.3227503
800 MOUNT CURVE AVE,44.96652,-93.289796
800 NICOLLET MALL,44.9749448,-93.2739446
800 OLIVER AVE N,44.986207,-93.306904
800 PARK AVE,44.971841,-93.263689
800 PENN AVE N,44.986207,-93.308156
800 PLYMOUTH AVE N,44.992038,-93.289686
800 PORTLAND AVE,44.972416,-93.265064
800 RUSSELL AVE N,44.986227,-93.31092
800 SIBLEY ST NE,44.994264,-93.269605
800 SPRING ST NE,44.995024,-93.250978
800 SUMMER ST NE,44.996827,-93.25099
800 SUMMIT AVE,44.965502,-93.289448
800 SUPERIOR ST SE,44.9660729,-93.2221036
800 THOMAS AVE N,44.986234,-93.313246
800 THORNTON ST SE,44.966109,-93.219488
800 UNIVERSITY AVE NE,45.0374593,-93.2627274
800 UNIVERSITY AVE SE,44.9691552,-93.2104315
800 UPTON AVE N,44.986243,-93.314525
800 VINCENT AVE N,44.986248,-93.315799
800 VINELAND PL,44.9690132,-93.2891952
800 WASHBURN AVE N,44.986253,-93.317083
800 WASHINGTON AVE N,44.9892188,-93.2786676
800 WEST BROADWAY,44.9994633,-93.289962
800 WEST RIVER PKWY,45.0235164,-93.2805298
807 THORNTON ST SE,44.9656119,-93.2189549
820 9TH AVE S,44.9704942,-93.261132
820 SPRING ST NE,44.995024,-93.2505337
821 22ND AVE SE,44.9851072,-93.2216872
821 5TH AVE SE,44.989644,-93.2450986
823 24TH AVE SE,44.984535,-93.2191621
824 18TH AVE SE,44.9845097,-93.2268069
824 19TH AVE SE,44.9851298,-93.2254489
824 20TH AVE SE,44.9851547,-93.2240705
824 21ST AVE SE,44.9851496,-93.222716
824 SUMMER ST NE,44.9968272,-93.2507647
825 23RD AVE SE,44.9851474,-93.2204108
825 GLENWOOD AVE,44.9795144,-93.2910069
828 25TH AVE SE,44.9847374,-93.2176369
835 WEEKS AVE SE,44.985703,-93.215484
840 BROADWAY ST NE,44.998629,-93.2498892
840 HENNEPIN AVE E,44.9915827,-93.2456039
850 25TH AVE S,44.9649528,-93.236281
850 27TH AVE S,44.9650805,-93.23311
850 LINCOLN AVE,44.9644895,-93.2902946
852 4TH ST SE,44.9834481,-93.2429713
852 UNIVERSITY AVE SE,44.9691552,-93.2104315
868 18TH AVE SE,44.9855301,-93.226813
88 WILLIAMS AVE SE,44.9691584,-93.2180063
880 21ST AVE SE,44.986189,-93.222716
880 22ND AVE SE,44.986207,-93.221453
880 23RD AVE SE,44.986225,-93.220167
880 26TH AVE SE,44.9868606,-93.2163354
882 18TH AVE SE,44.986131,-93.226813
882 19TH AVE SE,44.986151,-93.225451
882 20TH AVE SE,44.986171,-93.224075
882 WEST RIVER PKWY N,45.0235164,-93.2805298
891 WEEKS AVE SE,44.9864847,-93.2168117
894 24TH ST E,44.959205,-93.2611397
90 15TH ST N,44.9744683,-93.2841714
90 16TH ST N,44.975452,-93.285467
90 29TH AVE NE,45.0204688,-93.2709748
900 10TH AVE SE,44.9870672,-93.2373758
900 12TH AVE SE,44.9834527,-93.2370646
900 13TH AVE NE,45.000407,-93.247192
900 13TH AVE S,44.967398,-93.256398
900 13TH AVE SE,44.98637,-93.233183
900 14TH AVE NE,45.002202,-93.248431
900 14TH AVE SE,44.9831738,-93.2336414
900 14TH ST E,44.968985,-93.26086
900 15TH AVE N,44.994238,-93.291205
900 15TH AVE SE,44.985474,-93.230261
900 15TH ST E,44.968123,-93.260867
900 16TH AVE N,44.9952316,-93.3075449
900 17TH AVE SE,44.984319,-93.228483
900 18 1/2 AVE NE,45.0069363,-93.2447474
900 18TH AVE N,44.997474,-93.29121
900 18TH AVE NE,45.005847,-93.247193
900 18TH AVE SE,44.9867509,-93.2268142
900 19TH AVE NE,45.007821,-93.248957
900 19TH AVE S,44.963944,-93.245829
900 19TH ST E,44.964025,-93.260877
900 1ST ST S,44.9753317,-93.2432236
900 20TH AVE NE,45.008813,-93.248941
900 20TH AVE S,44.963878,-93.244211
900 21ST AVE N,45.000327,-93.291204
900 21ST AVE S,44.963889,-93.242617
900 21ST ST E,44.961906,-93.260912
900 22ND AVE NE,45.009806,-93.248942
900 22ND AVE S,44.963849,-93.24103
900 22ND ST E,44.961005,-93.260913
900 22ND ST W,44.9608483,-93.3139294
900 23RD AVE N,45.00267,-93.29121
900 23RD AVE NE,45.010789,-93.248942
900 24TH AVE N,45.003796,-93.291203
900 24TH AVE NE,45.012082,-93.248941
900 24TH AVE S,44.963832,-93.237856
900 24TH ST E,44.959206,-93.260897
900 24TH ST W,44.9591558,-93.3115983
900 25TH AVE N,45.00489,-93.291197
900 25TH AVE S,44.963441,-93.236281
900 25TH AVE SE,44.987246,-93.217595
900 25TH ST E,44.957401,-93.261104
900 25TH ST W,44.9573952,-93.328806
900 26TH AVE NE,45.0148008,-93.2489118
900 26TH AVE S,44.963849,-93.236253
900 26TH ST E,44.955611,-93.261141
900 26TH ST W,44.95562,-93.29077
900 27TH AVE NE,45.0166142,-93.2489362
900 27TH AVE S,44.963853,-93.233118
900 27TH ST W,44.953821,-93.29079
900 28TH ST W,44.9519712,-93.314068
900 29TH AVE NE,45.020301,-93.247174
900 29TH AVE S,44.963842,-93.230019
900 29TH ST W,44.951198,-93.3175868
900 2ND AVE S,44.973707,-93.271361
900 2ND ST NE,44.997225,-93.26463
900 2ND ST S,44.977579,-93.254922
900 30TH AVE N,45.0115531,-93.2906773
900 30TH AVE S,44.963839,-93.228309
900 31ST ST E,44.9466749,-93.2773003
900 31ST ST W,44.946686,-93.290834
900 32ND ST E,44.944815,-93.26118
900 32ND ST W,44.944806,-93.290855
900 33 1/2 ST E,44.942139,-93.2607015
900 33RD AVE N,45.0149935,-93.2899091
900 33RD ST E,44.943259,-93.26116
900 33RD ST W,44.9430125,-93.2900796
900 34TH AVE N,45.016799,-93.290708
900 34TH ST E,44.941448,-93.2619349
900 34TH ST W,44.941414,-93.2909
900 35TH ST E,44.939634,-93.261102
900 35TH ST W,44.939601,-93.292193
900 36TH AVE N,45.020419,-93.291982
900 36TH ST E,44.93784,-93.261103
900 36TH ST W,44.937722,-93.2820504
900 37TH AVE N,45.022227,-93.291997
900 37TH ST E,44.936031,-93.261083
900 37TH ST W,44.935982,-93.290942
900 38TH ST E,44.934229,-93.261041
900 38TH ST W,44.9340979,-93.284034
900 39TH ST E,44.932432,-93.261041
900 3RD AVE S,44.973119,-93.269948
900 3RD ST N,44.988941,-93.280926
900 3RD ST S,44.975558,-93.256498
900 40TH ST E,44.930624,-93.261041
900 40TH ST W,44.930532,-93.292258
900 41ST AVE N,45.029617,-93.290815
900 41ST ST W,44.928717,-93.292257
900 42ND ST W,44.926888,-93.29099
900 43RD ST W,44.925082,-93.2902066
900 44TH ST E,44.923407,-93.26111
900 44TH ST W,44.9233482,-93.2910996
900 45TH AVE N,45.0365655,-93.3138103
900 45TH ST W,44.921468,-93.292291
900 46TH ST W,44.919651,-93.291029
900 48TH ST E,44.916189,-93.261186
900 4TH AVE N,44.981756,-93.29101
900 4TH AVE S,44.972576,-93.268585
900 4TH ST NE,44.998233,-93.261761
900 4TH ST S,44.97496,-93.256987
900 4TH ST SE,44.982974,-93.242254
900 50TH ST E,44.9124831,-93.2639517
900 51ST ST E,44.9108089,-93.2210741
900 55TH ST E,44.903504,-93.261225
900 56TH ST E,44.90166,-93.261271
900 5TH AVE N,44.9830166,-93.2911533
900 5TH AVE S,44.8927152,-93.2691001
900 5TH AVE SE,44.990438,-93.244198
900 60TH ST E,44.894396,-93.261423
900 6TH AVE SE,44.9829481,-93.2484593
900 6TH ST S,44.9730323,-93.2597467
900 6TH ST SE,44.984873,-93.24053
900 7TH ST S,44.971726,-93.25974
900 7TH ST SE,44.985817,-93.239618
900 8TH AVE N,44.986444,-93.291197
900 8TH ST S,44.9708706,-93.2606923
900 8TH ST SE,44.987085,-93.239585
900 9TH AVE SE,44.988186,-93.238668
900 9TH ST SE,44.9897787,-93.2416808
900 ALDRICH AVE N,45.0185244,-93.2893042
900 BEACON ST,44.9747692,-93.2295251
900 CEDAR AVE S,44.9170651,-93.2473123
900 CEMETERY ST,44.9978125,-93.2454485
900 CENTENNIAL PL,44.970305,-93.263145
900 CENTRAL AVE NE,44.993729,-93.249181
900 CHICAGO AVE,44.970224,-93.26301
900 DARTMOUTH AVE,44.96773,-93.225493
900 DARTMOUTH PL,44.968436,-93.225495
900 DELAWARE ST SE,44.972338,-93.224823
900 DOUGLAS AVE,44.96648,-93.290686
900 ELLIOT AVE,44.9698304,-93.2611584
900 ESSEX ST SE,44.97124,-93.225506
900 FRANKLIN AVE E,44.962801,-93.260889
900 FRANKLIN AVE W,44.9627513,-93.305952
900 FRANKLIN TERR,44.9647613,-93.2288681
900 FREMONT AVE N,45.0297379,-93.2957681
900 FULTON ST SE,44.970134,-93.22551
900 HAWTHORNE AVE,44.97709,-93.277913
900 HENNEPIN AVE,44.9765321,-93.2773886
900 HENNEPIN AVE E,44.9642386,-93.2897492
900 LAKE ST E,44.948441,-93.261209
900 LAKE ST W,44.9505982,-93.310528
900 LASALLE AVE,44.975483,-93.275493
900 LINCOLN AVE,44.9646103,-93.2909784
900 LINDEN AVE W,44.9751786,-93.2918173
900 LOWRY AVE NE,45.013075,-93.248941
900 MARQUETTE AVE,44.974272,-93.272724
900 MARSHALL ST NE,44.9971087,-93.2687655
900 MIDTOWN GREENWAY W,44.9487316,-93.3227503
900 MOUNT CURVE AVE,44.9671309,-93.2903407
900 NICOLLET MALL,44.9747718,-93.2750207
900 PARK AVE,44.970873,-93.26451
900 PLYMOUTH AVE N,44.992044,-93.291273
900 PORTLAND AVE,44.971453,-93.265886
900 RAMSEY ST NE,44.9961877,-93.2689853
900 SIBLEY ST NE,44.995253,-93.270292
900 SPRING ST NE,44.995873,-93.247157
900 SUMMER ST NE,44.996993,-93.247123
900 SUMMIT AVE,44.9656239,-93.290866
900 THORNTON ST SE,44.964498,-93.219329
900 UNIVERSITY AVE NE,45.0374593,-93.2627274
900 UNIVERSITY AVE SE,44.9691552,-93.2104315
900 WASHINGTON AVE N,44.98977,-93.279745
900 WEST BROADWAY,44.999222,-93.291199
900 WINTER ST NE,44.99321,-93.242079
901 37TH AVE NE,45.035644,-93.245844
901 BROADWAY ST NE,44.9986307,-93.2482533
915 26TH AVE N,45.0057633,-93.2919192
92 MALCOLM AVE SE,44.9685803,-93.2153957
920 30TH AVE NE,45.022125,-93.2469794
920 31ST AVE NE,45.0241042,-93.2469296
920 35TH AVE NE,45.0313446,-93.2231865
920 36TH AVE NE,45.0334654,-93.2463991
920 SAINT ANTHONY PKWY,45.0256148,-93.2469286
920 WINTER ST NE,44.9932082,-93.2412263
923 20TH AVE NE,45.0089756,-93.2478119
923 22ND AVE NE,45.0099645,-93.2478062
923 23RD AVE NE,45.0109517,-93.2486174
923 24TH AVE NE,45.0122468,-93.2478198
923 26TH AVE NE,45.015043,-93.2478174
923 27TH AVE NE,45.0168541,-93.2478244
923 28TH AVE NE,45.0186474,-93.2468082
923 LOWRY AVE NE,45.0132415,-93.248226
924 LOWRY AVE N,45.0132142,-93.2916882
925 17TH AVE SE,44.9848306,-93.228483
928 22ND AVE SE,44.9866976,-93.2214514
928 8TH ST SE,44.9870748,-93.2395596
930 37TH AVE NE,45.0356443,-93.2457526
934 8TH AVE N,44.9864436,-93.2914909
936 SPRING ST NE,44.9958707,-93.2466443
939 11TH AVE N,44.9895784,-93.291685
940 14TH AVE NE,45.0022008,-93.2480743
940 18 1/2 AVE NE,45.0069363,-93.2447474
940 18TH AVE NE,45.0058486,-93.246815
940 19TH AVE NE,45.0078156,-93.2470704
940 BROADWAY ST NE,44.998629,-93.247447
940 HENNEPIN AVE E,44.9642386,-93.2897492
944 FRANKLIN AVE W,44.9627513,-93.305952
950 13TH AVE SE,44.986825,-93.2331858
950 DUNWOODY BLVD,44.9721404,-93.2927746
96 JAMES AVE N,44.9769096,-93.3003608
960 15TH AVE SE,44.986714,-93.230261
960 17TH AVE SE,44.9867618,-93.228484
963 CENTRAL AVE NE,44.994576,-93.248907
964 FRANKLIN AVE W,44.9628515,-93.3259082
970 24TH ST E,44.9592089,-93.2603613
980 CENTRAL AVE NE,44.9949092,-93.2486472
980 HENNEPIN AVE E,44.9545232,-93.297237
985 18TH AVE NE,45.0060177,-93.2458165
990 11TH AVE N,44.9893251,-93.2924328
